[{"@type":"mappingTemplate","id":"@1","name":"mp_Vault_to_EDW_AccPolTaxDebtReporting_stg_policy_owner","description":"","bundleVersion":"0","assetFrsGuid":"0GaBWLvzGWNi8QuD5im72K","templateId":"@3","deployTime":1645416357000,"hasParameters":false,"valid":true,"fixedConnection":true,"hasParametersDeployed":false,"fixedConnectionDeployed":true,"isSchemaValidationEnabled":false,"tasks":6,"mappingPreviewFileRecordId":"@2","documentType":"MAPPING","references":[{"@type":"reference","refObjectId":"@7iHycUk8CvrlNAHvPhRDs1","refType":"connection"}]}]