[{"@type":"mappingTemplate","id":"@1","name":"m_Merlin_ParamTest_ListOrgs","description":"","bundleVersion":"0","assetFrsGuid":"d2htyuLGD2yekxJ5QKLDej","templateId":"@3","deployTime":1670843063000,"hasParameters":false,"valid":true,"fixedConnection":true,"hasParametersDeployed":false,"fixedConnectionDeployed":true,"isSchemaValidationEnabled":false,"tasks":2,"mappingPreviewFileRecordId":"@2","documentType":"","references":[{"@type":"reference","refObjectId":"@akllLoiROSufHOqcqei6gJ","refType":"connection"},{"@type":"reference","refObjectId":"@4RnLDcxzayIe0S76dwqDEB","refType":"connection"}]}]