[{"@type":"mappingTemplate","id":"@1","name":"m_snowflake_s3","description":"","bundleVersion":"0","assetFrsGuid":"2a4kaiNnPYRktEzOmBHAcd","templateId":"@3","deployTime":1713815504000,"hasParameters":false,"valid":true,"fixedConnection":true,"hasParametersDeployed":false,"fixedConnectionDeployed":true,"isSchemaValidationEnabled":false,"tasks":1,"mappingPreviewFileRecordId":"@2","documentType":"MAPPING","references":[{"@type":"reference","refObjectId":"@72pNWUqK3ZHiOr4Tjivb8n","refType":"connection"},{"@type":"reference","refObjectId":"@35PvmyO5DMHfrYRQwPrkWC","refType":"connection"}]}]