[{"@type":"mappingTemplate","id":"@1","name":"m_param_04670257","description":"Created for case 04670257 - testing param - assurance service","bundleVersion":"0","assetFrsGuid":"gMKmt4e0TSbgba602sNTmn","templateId":"@3","deployTime":1718299973000,"hasParameters":true,"valid":true,"fixedConnection":true,"hasParametersDeployed":true,"fixedConnectionDeployed":true,"isSchemaValidationEnabled":false,"tasks":1,"mappingPreviewFileRecordId":"@2","documentType":"MAPPING","references":[{"@type":"reference","refObjectId":"@aIxzJmghWP3edbKa750bOQ","refType":"connection"}]}]