[{"@type":"mappingTemplate","id":"@1","name":"m_rs_general_csv_output_function","description":"","bundleVersion":"0","assetFrsGuid":"4cmqbyVyfLhkODeXfBBIi3","templateId":"@3","deployTime":1690338936000,"hasParameters":true,"valid":true,"fixedConnection":true,"hasParametersDeployed":true,"fixedConnectionDeployed":true,"isSchemaValidationEnabled":false,"tasks":4,"mappingPreviewFileRecordId":"@2","documentType":"MAPPING","references":[{"@type":"reference","refObjectId":"@7ko8VdDJJ8jgqRJXVuSwQo","refType":"connection"}]}]