[{"@type":"mappingTemplate","id":"@1","name":"m_Audit_End_Load_tf_Adhoc_Load","description":"","bundleVersion":"0","assetFrsGuid":"20PvuhO7Q8Kdw75U5tHNsU","templateId":"@3","deployTime":1698409437000,"hasParameters":false,"valid":true,"fixedConnection":true,"hasParametersDeployed":false,"fixedConnectionDeployed":true,"isSchemaValidationEnabled":false,"tasks":1,"mappingPreviewFileRecordId":"@2","documentType":"MAPPING","references":[{"@type":"reference","refObjectId":"@4RnLDcxzayIe0S76dwqDEB","refType":"connection"}]}]