[{"@type":"mappingTemplate","id":"@1","name":"Mapping390","description":"","bundleVersion":"0","assetFrsGuid":"5wEpxksXUVcjchcR1jUwk3","templateId":"@3","deployTime":1721904597000,"hasParameters":true,"valid":true,"fixedConnection":true,"hasParametersDeployed":true,"fixedConnectionDeployed":true,"isSchemaValidationEnabled":false,"tasks":1,"mappingPreviewFileRecordId":"@2","documentType":"MAPPING","references":[{"@type":"reference","refObjectId":"@8dFvPKwR9zte6kG8H0QYil","refType":"connection"}]}]