[{"@type":"mappingTemplate","id":"@1","name":"m_9278_SN_TSB_REQUEST","description":"","bundleVersion":"0","assetFrsGuid":"3IHzNhLWygQlc6juWI818O","templateId":"@3","deployTime":1618291571000,"hasParameters":false,"valid":true,"fixedConnection":true,"hasParametersDeployed":false,"fixedConnectionDeployed":true,"isSchemaValidationEnabled":false,"tasks":1,"mappingPreviewFileRecordId":"@2","documentType":"","references":[{"@type":"reference","refObjectId":"@70dKbdBpMQglcvc4Fskpex","refType":"connection"},{"@type":"reference","refObjectId":"@hgSrl7jXkarf9Fp5TJWe0Y","refType":"connection"}]}]