[{"@type":"fileRecord","id":"@5","name":"request","type":"XSD","size":6294,"attachTime":1721662646000},{"@type":"fileRecord","id":"@4","name":"metadata","type":"JSON","size":3377,"attachTime":1721662646000},{"@type":"fileRecord","id":"@2","name":"extension","type":"XML","size":28418,"attachTime":1721662646000},{"@type":"fileRecord","id":"@3","name":"fault","type":"XSD","size":6586,"attachTime":1721662646000},{"@type":"fileRecord","id":"@6","name":"response","type":"XSD","size":8944,"attachTime":1721662646000}]