[{"@type":"workflow","id":"@1","name":"Linear Taskflow5","maxLogs":10,"references":[{"@type":"reference","refObjectId":"@2smcHPXvxiZfa4IzSau4a2","refType":"mtTask"},{"@type":"reference","refObjectId":"@aQXejQUaTeiecT7cy6iF8W","refType":"drsTask"},{"@type":"reference","refObjectId":"@0Afp0EYKzsMg2ntInHabeL","refType":"dssTask"},{"@type":"reference","refObjectId":"@asSbqvycT0DkM3syAR4IKP","refType":"pcsTask"}],"tasks":[{"@type":"workflowTask","taskId":"@2smcHPXvxiZfa4IzSau4a2","type":"MTT","name":"mct_mapping_java","stopOnError":false,"stopOnWarning":false},{"@type":"workflowTask","taskId":"@aQXejQUaTeiecT7cy6iF8W","type":"DRS","name":"Replication Task1","stopOnError":false,"stopOnWarning":false},{"@type":"workflowTask","taskId":"@0Afp0EYKzsMg2ntInHabeL","type":"DSS","name":"Synchronization Task1","stopOnError":false,"stopOnWarning":false},{"@type":"workflowTask","taskId":"@asSbqvycT0DkM3syAR4IKP","type":"PCS","name":"PCS_FF","stopOnError":false,"stopOnWarning":false}]}]