[{"@type":"mappingTemplate","id":"@1","name":"SXX_FirstName_InOutParameter","description":"","bundleVersion":"0","assetFrsGuid":"6LbcMIjQ3GKc8D0DzdlX8S","templateId":"@3","deployTime":1657703963000,"hasParameters":false,"valid":true,"fixedConnection":true,"hasParametersDeployed":false,"fixedConnectionDeployed":true,"isSchemaValidationEnabled":false,"tasks":1,"mappingPreviewFileRecordId":"@2","documentType":"MAPPING","references":[{"@type":"reference","refObjectId":"@3lCe1pKCYSkfYPAkTHyzg8","refType":"connection"},{"@type":"reference","refObjectId":"@2hY4YJtJtW0lFEgefKtzIX","refType":"connection"}]}]