[{"@type":"mappingTemplate","id":"@1","name":"Mapping329","description":"","bundleVersion":"0","assetFrsGuid":"a8j3VkSPzIabAFsgwrbGYY","templateId":"@3","deployTime":1699258492000,"hasParameters":false,"valid":true,"fixedConnection":true,"hasParametersDeployed":false,"fixedConnectionDeployed":true,"isSchemaValidationEnabled":false,"tasks":1,"mappingPreviewFileRecordId":"@2","documentType":"MAPPING","references":[{"@type":"reference","refObjectId":"@g7N7DWpsHaIgmjiaFYYnAP","refType":"connection"}]}]