[{"@type":"mappingTemplate","id":"@1","name":"testIOTf","description":"","bundleVersion":"0","assetFrsGuid":"2L00QMigBPVfutBlvu2XAO","templateId":"@3","deployTime":1634213762000,"hasParameters":false,"valid":true,"fixedConnection":true,"hasParametersDeployed":false,"fixedConnectionDeployed":true,"isSchemaValidationEnabled":false,"tasks":1,"mappingPreviewFileRecordId":"@2","documentType":"MAPPING","references":[{"@type":"reference","refObjectId":"@esp7628MgSZimzTcFuKlos","refType":"connection"}]}]