[{"@type":"mappingTemplate","id":"@1","name":"m_Audit_Start_Load_tf_other_direct_loads","description":"","bundleVersion":"0","assetFrsGuid":"2ptws2xdqQ8dsFFx7mRUoq","templateId":"@3","deployTime":1683019028000,"hasParameters":false,"valid":true,"fixedConnection":true,"hasParametersDeployed":false,"fixedConnectionDeployed":true,"isSchemaValidationEnabled":false,"tasks":1,"mappingPreviewFileRecordId":"@2","documentType":"MAPPING","references":[{"@type":"reference","refObjectId":"@4RnLDcxzayIe0S76dwqDEB","refType":"connection"}]}]