[{"@type":"mappingTemplate","id":"@1","name":"m_task_run_agg_job","description":"","bundleVersion":"0","assetFrsGuid":"kPTyPvOvtgwiqWqVSChecy","templateId":"@3","deployTime":1673255848000,"hasParameters":false,"valid":true,"fixedConnection":true,"hasParametersDeployed":false,"fixedConnectionDeployed":true,"isSchemaValidationEnabled":false,"tasks":1,"mappingPreviewFileRecordId":"@2","documentType":"","references":[{"@type":"reference","refObjectId":"@3PZdksEs18vkVc0UA0ieKw","refType":"connection"}]}]