[{"@type":"mappingTemplate","id":"@1","name":"m_I0039_employee_import_3_Debug_SQL","description":"current version of employee import interface","bundleVersion":"0","assetFrsGuid":"azbNDexR3vtjATWigUqD2K","templateId":"@3","deployTime":1669689356000,"hasParameters":false,"valid":true,"fixedConnection":true,"hasParametersDeployed":false,"fixedConnectionDeployed":true,"isSchemaValidationEnabled":false,"tasks":2,"mappingPreviewFileRecordId":"@2","documentType":"","references":[{"@type":"reference","refObjectId":"@51UyzQYBweyf9qGm58cfyh","refType":"connection"},{"@type":"reference","refObjectId":"@0qnw6XXvQywlXkTEqNNugP","refType":"connection"}]}]