[{"@type":"mtTask","id":"@1","name":"s_9278_SN_TSB_REQUEST","description":"Session pushed from PC to ICS : s_9278_SN_TSB_REQUEST","runtimeEnvironmentId":"@7P6dWOgup6LkqwLLlpYCc3","maxLogs":10,"verbose":false,"mappingId":"@3IHzNhLWygQlc6juWI818O","frsGuid":"6oOf1zjDnjZcty2QuCgYkr","shortDescription":"Session pushed from PC to ICS : s_9278_SN_TSB_REQU...","sessionPropertiesList":[{"name":"Additional Concurrent Pipelines for Lookup Cache Creation","value":"Auto","recommended":false},{"name":"Allow Pushdown for User Incompatible Connections","value":"NO","recommended":false},{"name":"Allow Temporary Sequence for Pushdown","value":"NO","recommended":false},{"name":"Allow Temporary View for Pushdown","value":"NO","recommended":false},{"name":"Cache LOOKUP() function","value":"YES","recommended":false},{"name":"Commit Interval","value":"10000","recommended":false},{"name":"Commit On End Of File","value":"YES","recommended":false},{"name":"Commit Type","value":"Target","recommended":false},{"name":"Constraint based load ordering","value":"NO","recommended":false},{"name":"Data Column Delimiter","value":"|","recommended":false},{"name":"DateTime Format String","value":"MM/DD/YYYY HH24:MI:SS.US","recommended":false},{"name":"Default buffer block size","value":"Auto","recommended":false},{"name":"DTM buffer size","value":"Auto","recommended":false},{"name":"Error Log File Name","value":"PMError.log","recommended":false},{"name":"Error Log Type","value":"None","recommended":false},{"name":"Incremental Aggregation","value":"NO","recommended":false},{"name":"Line Sequential buffer length","value":"1024","recommended":false},{"name":"Log Row Data","value":"YES","recommended":false},{"name":"Log Source Row Data","value":"NO","recommended":false},{"name":"Maximum Memory Allowed For Auto Memory Attributes","value":"512MB","recommended":false},{"name":"Maximum Percentage of Total Memory Allowed For Auto Memory Attributes","value":"5","recommended":false},{"name":"On Pre-Post SQL error","value":"Stop","recommended":false},{"name":"On Pre-session command task error","value":"Stop","recommended":false},{"name":"On Stored Procedure error","value":"Stop","recommended":false},{"name":"Override tracing","value":"None","recommended":false},{"name":"Pre 85 Timestamp Compatibility","value":"NO","recommended":false},{"name":"Pushdown Optimization","value":"None","recommended":false},{"name":"Rollback Transactions on Errors","value":"NO","recommended":false},{"name":"Session Log File directory","value":"$PMSessionLogDir\\","recommended":false},{"name":"Session Log File Name","value":"s_9278_SN_TSB_REQUEST.log","recommended":false},{"name":"Session retry on deadlock","value":"NO","recommended":false},{"name":"Session Sort Order","value":"BINARY","recommended":false},{"name":"Stop on errors","value":"0","recommended":false},{"name":"Treat source rows as","value":"Update","recommended":false},{"name":"Write Backward Compatible Session Log File","value":"NO","recommended":false}],"hidden":false,"enableCrossSchemaPushdown":false,"enableParallelRun":false,"autoTunedApplied":false,"autoTunedAppliedType":"NONE","paramFileType":"PARAM_FILE_LOCAL","schemaMode":"async","valid":true,"schemaValidationErrorCount":-1,"serverlessProperties":{},"taskProperties":[{"@type":"taskProperty","name":"parameterFileDir","currentValue":"","type":"STRING","label":"label.parameterFileDir","required":false},{"@type":"taskProperty","name":"parameterFileName","currentValue":"","type":"STRING","label":"label.parameterFileName","required":false},{"@type":"taskProperty","name":"outboundMessageUrlQueueTime","currentValue":"","type":"NUMBER","label":"label.outboundMessageUrlQueueTime","required":false},{"@type":"taskProperty","name":"outboundMessageUrlToken","currentValue":"","type":"STRING","label":"label.outboundMessageUrlToken","required":false}],"isMidstreamPreview":false,"parameters":[{"@type":"mtTaskParameter","id":246709042,"name":"$SQ_Shortcut_to_TSB_REQUEST_VW$","type":"SOURCE","label":"SQ_Shortcut_to_TSB_REQUEST_VW","uiProperties":{"connectionParameterized":"false","isSelectDistinct":"false","objectParameterized":"false","visible":"false","flags":"SUPPORTS_MULTI_SCHEMA","originalPath":"SQ_Shortcut_to_TSB_REQUEST_VW"},"sourceConnectionId":"@hgSrl7jXkarf9Fp5TJWe0Y","sourceObject":"DUMMY_SQ_Shortcut_to_TSB_REQUEST_VW","newFlatFile":false,"newObject":false,"showBusinessNames":false,"naturalOrder":true,"truncateTarget":false,"bulkApiDBTarget":false,"customFuncCfg":{"@type":"customFuncConfig","id":-1,"connections":[],"inputMap":[],"outputFields":[]},"targetRefsV2":{},"targetUpdateColumns":[],"runtimeAttrs":{},"isRESTModernSource":true,"customQuery":"SELECT TSB_REQUEST_VW.SYS_ID, TSB_REQUEST_VW.REQUEST_NUMBER, TSB_REQUEST_VW.ACKNOWLEDGED_BY, TSB_REQUEST_VW.ACKNOWLEDGED_BY_ROLE, TSB_REQUEST_VW.ACKNOWLEDGE_DATE, TSB_REQUEST_VW.ACKNOWLEDGE_TIMER, TSB_REQUEST_VW.ACTIVE, TSB_REQUEST_VW.ACTIVITY_DUE, TSB_REQUEST_VW.ADDITIONAL_ASSIGNEE_LIST, TSB_REQUEST_VW.ALTERNATIVES_REVIEWED, TSB_REQUEST_VW.APPROVAL, TSB_REQUEST_VW.APPROVAL_HISTORY, TSB_REQUEST_VW.APPROVAL_SET, TSB_REQUEST_VW.APPROVED_BY, TSB_REQUEST_VW.APPROVED_DATE, TSB_REQUEST_VW.ASSIGNED_TO, TSB_REQUEST_VW.ASSIGNMENT_GROUP, TSB_REQUEST_VW.BSA_DEPARTMENT, TSB_REQUEST_VW.BSA_DEPARTMENT_ID, TSB_REQUEST_VW.BSA_REVIEW_FLAG, TSB_REQUEST_VW.BSA_SEC_REP, TSB_REQUEST_VW.BSA_SEC_REP_REVIEWED_BY, TSB_REQUEST_VW.BSA_SEC_REP_REVIEW_DATE, TSB_REQUEST_VW.BUSINESS_CASE, TSB_REQUEST_VW.BUSINESS_DURATION, TSB_REQUEST_VW.BUSINESS_SERVICE, TSB_REQUEST_VW.CALENDAR_DURATION, TSB_REQUEST_VW.CANCELLATION_CODE, TSB_REQUEST_VW.CANCELLATION_REASON, TSB_REQUEST_VW.CANCELLED_BY, TSB_REQUEST_VW.CANCEL_DATE, TSB_REQUEST_VW.CANCEL_FLAG, TSB_REQUEST_VW.CAPABILITIES, TSB_REQUEST_VW.CLASSIFICATION, TSB_REQUEST_VW.CLOSED_AT, TSB_REQUEST_VW.CLOSED_BY, TSB_REQUEST_VW.CLOSE_NOTES, TSB_REQUEST_VW.CMDB_CI, TSB_REQUEST_VW.COMMENTS, TSB_REQUEST_VW.COMMENTS_AND_WORK_NOTES, TSB_REQUEST_VW.COMPANY, TSB_REQUEST_VW.CONTACT_NAME, TSB_REQUEST_VW.CONTACT_TYPE, TSB_REQUEST_VW.CORRELATION_DISPLAY, TSB_REQUEST_VW.CORRELATION_ID, TSB_REQUEST_VW.CTO_APPROVED_BY, TSB_REQUEST_VW.CTO_APPROVED_DATE, TSB_REQUEST_VW.DELIVERY_PLAN, TSB_REQUEST_VW.DELIVERY_TASK, TSB_REQUEST_VW.DENIED_BY, TSB_REQUEST_VW.DENIED_DATE, TSB_REQUEST_VW.DESCRIPTION, TSB_REQUEST_VW.DUE_DATE, TSB_REQUEST_VW.DURATION, TSB_REQUEST_VW.ESCALATED_BY, TSB_REQUEST_VW.ESCALATE_DATE, TSB_REQUEST_VW.ESCALATION, TSB_REQUEST_VW.EXPECTED_START, TSB_REQUEST_VW.EXPIRATION_DATE, TSB_REQUEST_VW.EXPIRED_BY, TSB_REQUEST_VW.EXPIRED_DATE, TSB_REQUEST_VW.FOLLOW_UP, TSB_REQUEST_VW.GROUP_LIST, TSB_REQUEST_VW.HARDWARE_SOFTWARE_REQUIREMENTS, TSB_REQUEST_VW.HAS_BEEN_ESCALATED, TSB_REQUEST_VW.IMPACT, TSB_REQUEST_VW.IMPORT_FLAG, TSB_REQUEST_VW.IMPORT_INITAL_STATUS, TSB_REQUEST_VW.IS_THIS_AN_OPEN_SOURCE, TSB_REQUEST_VW.KNOWLEDGE, TSB_REQUEST_VW.LEGACY_TSB_ID, TSB_REQUEST_VW.LEGAL_EXTERNAL_APP, TSB_REQUEST_VW.LEGAL_EXTERNAL_DATA, TSB_REQUEST_VW.LEGAL_EXTERNAL_OPEN_SOURCE, TSB_REQUEST_VW.LEGAL_EXTERNAL_PHONE, TSB_REQUEST_VW.LEGAL_EXTERNAL_SMS, TSB_REQUEST_VW.LEGAL_EX_OS_COMBINE, TSB_REQUEST_VW.LEGAL_EX_OS_MODIFY_CODE, TSB_REQUEST_VW.LEGAL_EX_OS_MUL_LICENSE, TSB_REQUEST_VW.LEGAL_EX_OS_OUTSIDE_NETWORK, TSB_REQUEST_VW.LEGAL_EX_OS_PLAN_PATENT, TSB_REQUEST_VW.LEGAL_EX_OS_PROV_SERV, TSB_REQUEST_VW.LEGAL_HOSTED, TSB_REQUEST_VW.LEGAL_PERSONAL_USE, TSB_REQUEST_VW.LEGAL_PREVIOUS_PROCURED, TSB_REQUEST_VW.LEGAL_PROCURE, TSB_REQUEST_VW.LEGAL_REVIEW_LIC, TSB_REQUEST_VW.LEGAL_SMS_ENGAGED, TSB_REQUEST_VW.LEGAL_SMS_NAME, TSB_REQUEST_VW.LEGAL_SOFTWARE_COST, TSB_REQUEST_VW.LOB_OFFICE, TSB_REQUEST_VW.LOB_OFFICE_ID, TSB_REQUEST_VW.LOCATION, TSB_REQUEST_VW.MADE_SLA, TSB_REQUEST_VW.NUMBER_OF_USERS, TSB_REQUEST_VW.OORDER, TSB_REQUEST_VW.OPENED_BY, TSB_REQUEST_VW.OPENED_AT, TSB_REQUEST_VW.OWNER_ID, TSB_REQUEST_VW.OWNER_PHONE, TSB_REQUEST_VW.OWNER_SHORTNAME, TSB_REQUEST_VW.PPARENT, TSB_REQUEST_VW.PPRIORITY, TSB_REQUEST_VW.PRODUCT_NAME, TSB_REQUEST_VW.PRODUCT_NAME_ID, TSB_REQUEST_VW.PRODUCT_PLATFORM, TSB_REQUEST_VW.PRODUCT_URL, TSB_REQUEST_VW.PRODUCT_VERSION, TSB_REQUEST_VW.RATION, TSB_REQUEST_VW.REASON_FOR_REQUEST_DETAIL, TSB_REQUEST_VW.REASSIGNMENT_COUNT, TSB_REQUEST_VW.REQUESTOR_ID, TSB_REQUEST_VW.REQUESTOR_PHONE, TSB_REQUEST_VW.REQUEST_TYPE, TSB_REQUEST_VW.REVIEWED_BY, TSB_REQUEST_VW.REVIEWED_BY_BSA_SECURITY_REP, TSB_REQUEST_VW.REVIEW_DATE, TSB_REQUEST_VW.REVIEW_TIMER, TSB_REQUEST_VW.RISK_LEVEL, TSB_REQUEST_VW.SAME_AS_REQUESTER, TSB_REQUEST_VW.SECURITY_IRM, TSB_REQUEST_VW.SECURITY_MOBILE, TSB_REQUEST_VW.SECURITY_PCI, TSB_REQUEST_VW.SECURITY_PII, TSB_REQUEST_VW.SHORT_DESCRIPTION, TSB_REQUEST_VW.SKILLS, TSB_REQUEST_VW.SLA_DUE, TSB_REQUEST_VW.SOLUTION_ARCHITECT, TSB_REQUEST_VW.SSTATE, TSB_REQUEST_VW.STIPULATIONS, TSB_REQUEST_VW.SUBMITTED_BY, TSB_REQUEST_VW.SUBMIT_DATE, TSB_REQUEST_VW.SUBMIT_TIMER, TSB_REQUEST_VW.SUPPORT_ACCOUNTABLE, TSB_REQUEST_VW.SUPPORT_JUSTIFY, TSB_REQUEST_VW.SUPPORT_WHO_AUDITS, TSB_REQUEST_VW.SUPPORT_WHO_SUPPORTS, TSB_REQUEST_VW.SYS_CLASS_NAME, TSB_REQUEST_VW.SYS_CREATED_BY, TSB_REQUEST_VW.SYS_CREATED_ON, TSB_REQUEST_VW.SYS_DOMAIN, TSB_REQUEST_VW.SYS_TAGS, TSB_REQUEST_VW.SYS_UPDATED_BY, TSB_REQUEST_VW.SYS_UPDATED_ON, TSB_REQUEST_VW.TECHNOLOGY_AREA, TSB_REQUEST_VW.TECHNOLOGY_AREA_ID, TSB_REQUEST_VW.TECHNOLOGY_DATA_TAG, TSB_REQUEST_VW.TIME_WORKED, TSB_REQUEST_VW.UNDER_REVIEW_TIMER, TSB_REQUEST_VW.UPHELD, TSB_REQUEST_VW.UPHELD_BY, TSB_REQUEST_VW.UPHELD_DATE, TSB_REQUEST_VW.UPON_APPROVAL, TSB_REQUEST_VW.UPON_REJECT, TSB_REQUEST_VW.URGENCY, TSB_REQUEST_VW.USER_INPUT, TSB_REQUEST_VW.U_BUSINESS_AVAILABILITY_LEVEL, TSB_REQUEST_VW.U_DEFECT_ID, TSB_REQUEST_VW.U_EXTERNAL_SYSTEM, TSB_REQUEST_VW.U_EXTERNAL_SYSTEM_ID, TSB_REQUEST_VW.U_NW_SLA_DUE_DATE, TSB_REQUEST_VW.U_NW_SLA_STAGE, TSB_REQUEST_VW.U_SOURCE_SYSTEM, TSB_REQUEST_VW.U_SOURCE_SYSTEM_ID, TSB_REQUEST_VW.U_UNDOCUMENTED_CI, TSB_REQUEST_VW.VENDOR, TSB_REQUEST_VW.VENDOR_ID, TSB_REQUEST_VW.WATCH_LIST, TSB_REQUEST_VW.WORK_END, TSB_REQUEST_VW.WORK_NOTES, TSB_REQUEST_VW.WORK_NOTES_LIST, TSB_REQUEST_VW.WORK_START \nFROM\n TSB_REQUEST_VW","isFileList":false,"handleSpecialChars":false,"handleDecimalRoundOff":false,"frsAsset":false,"dynamicFileName":false,"excludeDynamicFileNameField":false,"currentlyProcessedFileName":false,"retainFieldMetadata":false,"objectName":"DUMMY_SQ_Shortcut_to_TSB_REQUEST_VW","useExactSrcNames":false,"userUpdated":true,"fetchMode":"ORIGINAL","tgtObjectAttributes":{},"runtimeParameterData":{"@type":"mtTaskRuntimeParameterData","isConnectionRuntimeParameter":false,"isObjectRuntimeParameter":false},"overridableProperties":[],"overriddenFields":[]},{"@type":"mtTaskParameter","id":246709045,"name":"$Shortcut_to_SN_TSB_REQUEST$","type":"TARGET","label":"Shortcut_to_SN_TSB_REQUEST","uiProperties":{"connectionParameterized":"false","objectParameterized":"false","visible":"false","flags":"SUPPORTS_MULTI_SCHEMA","defaultTargetUpdateColumns":"SYS_ID","supportApplyDDLChanges":"false","originalPath":"Shortcut_to_SN_TSB_REQUEST"},"targetConnectionId":"@70dKbdBpMQglcvc4Fskpex","targetObject":"SN_TSB_REQUEST","targetObjectLabel":"SN_TSB_REQUEST","newFlatFile":false,"newObject":false,"showBusinessNames":false,"naturalOrder":true,"truncateTarget":false,"bulkApiDBTarget":false,"operationType":"Upsert","tgtFFAttrs":{"@type":"flatFileAttrs","id":34443103,"delimiter":"|","textQualifier":"NONE","escapeChar":"","headerLineNo":1,"rowDelimiter":0,"consecutiveDelimiter":false,"multiDelimitersAsAnd":true},"customFuncCfg":{"@type":"customFuncConfig","id":-1,"connections":[],"inputMap":[],"outputFields":[]},"targetRefsV2":{},"targetUpdateColumns":["SYS_ID"],"extendedObject":{"@type":"extendedObject","singleMode":true,"filters":[],"sortFields":[]},"runtimeAttrs":{},"isRESTModernSource":true,"isFileList":false,"handleSpecialChars":false,"handleDecimalRoundOff":false,"frsAsset":false,"dynamicFileName":false,"excludeDynamicFileNameField":false,"currentlyProcessedFileName":false,"retainFieldMetadata":false,"objectName":"SN_TSB_REQUEST","objectLabel":"SN_TSB_REQUEST","useExactSrcNames":false,"userUpdated":true,"fetchMode":"ORIGINAL","tgtObjectAttributes":{},"runtimeParameterData":{"@type":"mtTaskRuntimeParameterData","isConnectionRuntimeParameter":false,"isObjectRuntimeParameter":false},"overridableProperties":[],"overriddenFields":[]}],"sequences":[],"inOutParameters":[],"connRuntimeAttrs":[]}]