[{"@type":"mappingTemplate","id":"@1","name":"m_task_connection_usage_bkfill","description":"","bundleVersion":"0","assetFrsGuid":"48WpcdHp56CfLkBh1G9rgL","templateId":"@3","deployTime":1673255893000,"hasParameters":false,"valid":true,"fixedConnection":true,"hasParametersDeployed":false,"fixedConnectionDeployed":true,"isSchemaValidationEnabled":false,"tasks":2,"mappingPreviewFileRecordId":"@2","documentType":"","references":[{"@type":"reference","refObjectId":"@3PZdksEs18vkVc0UA0ieKw","refType":"connection"}]}]