[{"@type":"mappingTemplate","id":"@1","name":"stov2trf_COST_CENTRAL_07_02_24_BKP","description":"\nConverted using O2N Version: O2N : Framesh1ft Tool V3.03","bundleVersion":"0","assetFrsGuid":"7vIO9VS1kOBiXlVasqxsIo","templateId":"@3","deployTime":1707472861000,"hasParameters":false,"valid":true,"fixedConnection":true,"hasParametersDeployed":false,"fixedConnectionDeployed":true,"isSchemaValidationEnabled":false,"tasks":1,"mappingPreviewFileRecordId":"@2","documentType":"","references":[{"@type":"reference","refObjectId":"@8IjhIQo30mReUltU9dHTYW","refType":"connection"}]}]