[{"@type":"fileRecord","id":"@3","name":"fault","type":"XSD","size":6230,"attachTime":1619491771000},{"@type":"fileRecord","id":"@2","name":"extension","type":"XML","size":27540,"attachTime":1619491771000},{"@type":"fileRecord","id":"@5","name":"request","type":"XSD","size":6217,"attachTime":1619491771000},{"@type":"fileRecord","id":"@6","name":"response","type":"XSD","size":8851,"attachTime":1619491771000},{"@type":"fileRecord","id":"@4","name":"metadata","type":"JSON","size":3581,"attachTime":1619491771000}]