[{"@type":"mappingTemplate","id":"@1","name":"m_iod_log_entry_item_data_load_AWS_USA_iics_app4","description":"","bundleVersion":"0","assetFrsGuid":"ai2WI8XepFriJgwBxsejEN","templateId":"@3","deployTime":1673255871000,"hasParameters":false,"valid":true,"fixedConnection":true,"hasParametersDeployed":false,"fixedConnectionDeployed":true,"isSchemaValidationEnabled":false,"tasks":1,"mappingPreviewFileRecordId":"@2","documentType":"","references":[{"@type":"reference","refObjectId":"@6HmBaVrViwOlcB29xE4pQQ","refType":"connection"},{"@type":"reference","refObjectId":"@3PZdksEs18vkVc0UA0ieKw","refType":"connection"},{"@type":"reference","refObjectId":"@dXsDH6GCXcRdtFHm94r3Cq","refType":"connection"}]}]