[{"@type":"mappingTemplate","id":"@1","name":"RR_03129456_takeda","description":"","bundleVersion":"0","assetFrsGuid":"czHvfoignEMjK3dKcHq6Sc","templateId":"@3","deployTime":1626189440000,"hasParameters":false,"valid":true,"fixedConnection":true,"hasParametersDeployed":false,"fixedConnectionDeployed":true,"isSchemaValidationEnabled":false,"tasks":1,"mappingPreviewFileRecordId":"@2","documentType":"MAPPING","references":[{"@type":"reference","refObjectId":"@gwev913cnYui2t3wPrhZsD","refType":"connection"}]}]