[{"@type":"mappingTemplate","id":"@1","name":"m_inc_load","description":"","bundleVersion":"0","assetFrsGuid":"cKJJLQKYlkslBajC5uXBYm","templateId":"@3","deployTime":1728470153000,"hasParameters":false,"valid":true,"fixedConnection":true,"hasParametersDeployed":false,"fixedConnectionDeployed":true,"isSchemaValidationEnabled":false,"tasks":3,"mappingPreviewFileRecordId":"@2","documentType":"MAPPING","references":[{"@type":"reference","refObjectId":"@2qXuGtgE4LakKmjU2lJnaJ","refType":"connection"},{"@type":"reference","refObjectId":"@3C07RwmpmEtkxKLhHGKbQR","refType":"connection"}]}]