[{"@type":"mappingTemplate","id":"@1","name":"getHelenArray","description":"","bundleVersion":"0","assetFrsGuid":"8W4FTtBNtn6c2zgWn12W6l","templateId":"@3","deployTime":1619492135000,"hasParameters":false,"valid":true,"fixedConnection":true,"hasParametersDeployed":false,"fixedConnectionDeployed":true,"isSchemaValidationEnabled":false,"tasks":1,"mappingPreviewFileRecordId":"@2","documentType":"MAPPING","references":[{"@type":"reference","refObjectId":"@4htuSgtmjm3fXKqakHNzEu","refType":"connection"},{"@type":"reference","refObjectId":"@4STSavI7xsmfP403B0GR2Z","refType":"businessService"}]}]