[{"@type":"mappingTemplate","id":"@1","name":"m_postgres_update","description":"","bundleVersion":"0","assetFrsGuid":"6MM25zMnYYOcNZmUxPBLMN","templateId":"@3","deployTime":1717739560000,"hasParameters":false,"valid":true,"fixedConnection":true,"hasParametersDeployed":false,"fixedConnectionDeployed":true,"isSchemaValidationEnabled":false,"tasks":1,"mappingPreviewFileRecordId":"@2","documentType":"MAPPING","references":[{"@type":"reference","refObjectId":"@bvKD04ToS0VgtDfc0B8Ve7","refType":"connection"}]}]