[{"@type":"mappingTemplate","id":"@1","name":"m_VXF_GBL_AUDIT_UPD_SUBPROC","description":"Mapping to close the Sub Process ID for Given Process Name","bundleVersion":"0","assetFrsGuid":"5HjB85aq7Bwld2Uc74Ekgl","templateId":"@3","deployTime":1659502849000,"hasParameters":true,"valid":true,"fixedConnection":true,"hasParametersDeployed":true,"fixedConnectionDeployed":true,"isSchemaValidationEnabled":false,"tasks":1,"mappingPreviewFileRecordId":"@2","documentType":"","references":[{"@type":"reference","refObjectId":"@06jlRQ7FiAgexEOn02h4sV","refType":"connection"},{"@type":"reference","refObjectId":"@0fXODGddnwRl8ILFK67sO9","refType":"connection"}]}]