[{"@type":"mappingTemplate","id":"@1","name":"Mapping_sap_parameter_trellborg","description":"","bundleVersion":"0","assetFrsGuid":"fhRuJYwpamRcPBwueGdgCx","templateId":"@3","deployTime":1678880432000,"hasParameters":true,"valid":true,"fixedConnection":true,"hasParametersDeployed":true,"fixedConnectionDeployed":true,"isSchemaValidationEnabled":false,"tasks":2,"mappingPreviewFileRecordId":"@2","documentType":"MAPPING","references":[{"@type":"reference","refObjectId":"@1YUIm6wpi2SecbLelIsSId","refType":"connection"},{"@type":"reference","refObjectId":"@42lxJlrCBt5lTEv05c9SkN","refType":"connection"}]}]