[{"@type":"mappingTemplate","id":"@1","name":"mapping_wsconsumer","description":"","bundleVersion":"0","assetFrsGuid":"1yW4mbv6xwPjdPUdqutbav","templateId":"@3","deployTime":1620138052000,"hasParameters":false,"valid":true,"fixedConnection":true,"hasParametersDeployed":false,"fixedConnectionDeployed":true,"isSchemaValidationEnabled":false,"tasks":1,"mappingPreviewFileRecordId":"@2","documentType":"MAPPING","references":[{"@type":"reference","refObjectId":"@0ZsfbiQjhazjS9SbC6xOkK","refType":"connection"},{"@type":"reference","refObjectId":"@j7fU2HOIZcbdkbMRqGX76f","refType":"businessService"}]}]