[{"@type":"mtTask","id":"@1","name":"s_stov2trf_COST_CENTRAL_07_02_24_BKP","description":"\r\nConverted using O2N","runtimeEnvironmentId":"@2v3Rh4GBTGSgeE6sIr1LO9","maxLogs":10,"verbose":false,"mappingId":"@7vIO9VS1kOBiXlVasqxsIo","frsGuid":"dYV7tVXWeOvlRhFWmfgiUo","shortDescription":"\r\nConverted using O2N","sessionPropertiesList":[{"name":"Additional Concurrent Pipelines for Lookup Cache Creation","value":"Auto","recommended":false},{"name":"Allow Temporary Sequence for Pushdown","value":"NO","recommended":false},{"name":"Allow Temporary View for Pushdown","value":"YES","recommended":false},{"name":"Data Column Delimiter","value":"|","recommended":false},{"name":"DateTime Format String","value":"MM/DD/YYYY HH24:MI:SS","recommended":false},{"name":"Default buffer block size","value":"Auto","recommended":false},{"name":"DTM buffer size","value":"Auto","recommended":false},{"name":"Error Log File Directory","value":"/iicsshared/session_log/udp_ippmprx/UDP_COST/D20240207T033815/D20240207T034026RUN/","recommended":false},{"name":"Error Log File Name","value":"PMError.log","recommended":false},{"name":"Maximum Memory Allowed For Auto Memory Attributes","value":"512MB","recommended":false},{"name":"Override tracing","value":"None","recommended":false},{"name":"Pre 85 Timestamp Compatibility","value":"YES","recommended":false},{"name":"Pushdown Optimization","value":"Full","recommended":false},{"name":"Pushdown Optimization Context","value":"None","recommended":false},{"name":"Pushdown Optimization Fallback Option","value":"Partial PDO","recommended":false},{"name":"Session Log File directory","value":"/iicsshared/session_log/udp_ippmprx/UDP_COST/D20240207T033815/D20240207T034026RUN/","recommended":false},{"name":"Session Log File Name","value":"s_stov2trf_COST_CENTRAL","recommended":false},{"name":"Stop on errors","value":"1","recommended":false},{"name":"Treat source rows as","value":"Insert","recommended":false}],"hidden":false,"enableCrossSchemaPushdown":false,"enableParallelRun":false,"autoTunedApplied":false,"autoTunedAppliedType":"NONE","parameterFileName":"98202_paramfile.ipc","parameterFileDir":"/iicsshared/paramfiles","paramFileType":"PARAM_FILE_LOCAL","schemaMode":"async","executionEngine":"SPARK","valid":true,"schemaValidationErrorCount":-1,"serverlessProperties":{},"taskProperties":[{"@type":"taskProperty","name":"parameterFileDir","currentValue":"/iicsshared/paramfiles","type":"STRING","label":"label.parameterFileDir","required":false},{"@type":"taskProperty","name":"parameterFileName","currentValue":"98202_paramfile.ipc","type":"STRING","label":"label.parameterFileName","required":false},{"@type":"taskProperty","name":"outboundMessageUrlQueueTime","currentValue":"","type":"NUMBER","label":"label.outboundMessageUrlQueueTime","required":false},{"@type":"taskProperty","name":"outboundMessageUrlToken","currentValue":"","type":"STRING","label":"label.outboundMessageUrlToken","required":false}],"jobPriority":"MEDIUM","optimizationPlan":"NONE","isMidstreamPreview":false,"parameters":[{"@type":"mtTaskParameter","id":881254394,"name":"$SQO_STOV_IPPMPRX_DWHU_SURCHARGES_ACT_ACOS_EUR$","type":"SOURCE","label":"SQO_STOV_IPPMPRX_DWHU_SURCHARGES_ACT_ACOS_EUR","uiProperties":{"connectionParameterized":"false","isSelectDistinct":"false","objectParameterized":"false","visible":"false","originalPath":"SQO_STOV_IPPMPRX_DWHU_SURCHARGES_ACT_ACOS_EUR"},"sourceConnectionId":"@8IjhIQo30mReUltU9dHTYW","sourceObject":"DUMMY_SQO_STOV_IPPMPRX_DWHU_SURCHARGES_ACT_ACOS_EUR","newFlatFile":false,"newObject":false,"showBusinessNames":false,"naturalOrder":true,"truncateTarget":false,"bulkApiDBTarget":false,"customFuncCfg":{"@type":"customFuncConfig","id":-1,"connections":[],"inputMap":[],"outputFields":[]},"targetRefsV2":{},"targetUpdateColumns":[],"runtimeAttrs":{},"oprRuntimeAttrs":{"interimDirectory":"","FieldDelimiter":"0x1e","OnPrePostSQLError":"Continue","PostSQL":"","BlobPartSize":"8","TableName":"","PreSQL":"","ContainerName":"","QuoteChar":"0x1f","FileSystemName":"ippmprx-stage-iics","SchemaName":"","ConcurrentBlobConnections":"4","SQLOverride":""},"isRESTModernSource":true,"customQuery":"SELECT\n\tPRODUCT_COMPANY AS PRODUCT_COMPANY ,\n\tCAST(YEAR AS INT) AS YEAR ,\n\treplace(replace(TOTAL_INBOUND_SURCHARGES, '%', ''), ',', '.') AS TOTAL_INBOUND_SURCHARGES ,\n\treplace(replace(TOTAL_OUTGOING_SURCHARGE, '%', ''), ',', '.') AS TOTAL_OUTGOING_SURCHARGE\nFROM\n\tippmprx_dm.STOV_IPPMPRX_DWHU_SURCHARGES_ACT\nWHERE\n\tRECORD_STATUS <> 'D'\n\tAND MARKET <> 'DEFAULT'","isFileList":false,"handleSpecialChars":false,"handleDecimalRoundOff":false,"frsAsset":false,"dynamicFileName":false,"excludeDynamicFileNameField":false,"currentlyProcessedFileName":false,"retainFieldMetadata":false,"objectName":"DUMMY_SQO_STOV_IPPMPRX_DWHU_SURCHARGES_ACT_ACOS_EUR","useExactSrcNames":false,"userUpdated":true,"fetchMode":"ORIGINAL","tgtObjectAttributes":{},"runtimeParameterData":{"@type":"mtTaskRuntimeParameterData","isConnectionRuntimeParameter":false,"isObjectRuntimeParameter":false},"overridableProperties":[],"overriddenFields":[]},{"@type":"mtTaskParameter","id":881254395,"name":"$SQO_STOV_IPPMPRX_DWHU_SURCHARGES_ACT_ACOS_NON_EUR$","type":"SOURCE","label":"SQO_STOV_IPPMPRX_DWHU_SURCHARGES_ACT_ACOS_NON_EUR","uiProperties":{"connectionParameterized":"false","isSelectDistinct":"false","objectParameterized":"false","visible":"false","originalPath":"SQO_STOV_IPPMPRX_DWHU_SURCHARGES_ACT_ACOS_NON_EUR"},"sourceConnectionId":"@8IjhIQo30mReUltU9dHTYW","sourceObject":"DUMMY_SQO_STOV_IPPMPRX_DWHU_SURCHARGES_ACT_ACOS_NON_EUR","newFlatFile":false,"newObject":false,"showBusinessNames":false,"naturalOrder":true,"truncateTarget":false,"bulkApiDBTarget":false,"customFuncCfg":{"@type":"customFuncConfig","id":-1,"connections":[],"inputMap":[],"outputFields":[]},"targetRefsV2":{},"targetUpdateColumns":[],"runtimeAttrs":{},"oprRuntimeAttrs":{"interimDirectory":"","FieldDelimiter":"0x1e","OnPrePostSQLError":"Continue","PostSQL":"","BlobPartSize":"8","TableName":"","PreSQL":"","ContainerName":"","QuoteChar":"0x1f","FileSystemName":"ippmprx-stage-iics","SchemaName":"","ConcurrentBlobConnections":"4","SQLOverride":""},"isRESTModernSource":true,"customQuery":"SELECT\n\tPRODUCT_COMPANY AS PRODUCT_COMPANY ,\n\tCAST(YEAR AS INT) AS YEAR ,\n\treplace(replace(TOTAL_INBOUND_SURCHARGES, '%', ''), ',', '.') AS TOTAL_INBOUND_SURCHARGES ,\n\treplace(replace(TOTAL_OUTGOING_SURCHARGE, '%', ''), ',', '.') AS TOTAL_OUTGOING_SURCHARGE\nFROM\n\tippmprx_dm.STOV_IPPMPRX_DWHU_SURCHARGES_ACT\nWHERE\n\tRECORD_STATUS <> 'D'\n\tAND MARKET <> 'DEFAULT'","isFileList":false,"handleSpecialChars":false,"handleDecimalRoundOff":false,"frsAsset":false,"dynamicFileName":false,"excludeDynamicFileNameField":false,"currentlyProcessedFileName":false,"retainFieldMetadata":false,"objectName":"DUMMY_SQO_STOV_IPPMPRX_DWHU_SURCHARGES_ACT_ACOS_NON_EUR","useExactSrcNames":false,"userUpdated":true,"fetchMode":"ORIGINAL","tgtObjectAttributes":{},"runtimeParameterData":{"@type":"mtTaskRuntimeParameterData","isConnectionRuntimeParameter":false,"isObjectRuntimeParameter":false},"overridableProperties":[],"overriddenFields":[]},{"@type":"mtTaskParameter","id":881254396,"name":"$SQ_CURRENCY_EXCHANGE_RATE_CONV_ACOS_NON_EUR$","type":"EXTENDED_SOURCE","label":"SQ_CURRENCY_EXCHANGE_RATE_CONV_ACOS_NON_EUR","uiProperties":{"connectionParameterized":"false","isSelectDistinct":"false","isMsrcFilterParameterized":"false","isMsrcSortParameterized":"false","objectParameterized":"false","visible":"false","originalPath":"SQ_CURRENCY_EXCHANGE_RATE_CONV_ACOS_NON_EUR"},"sourceConnectionId":"@8IjhIQo30mReUltU9dHTYW","newFlatFile":false,"newObject":false,"showBusinessNames":false,"naturalOrder":true,"truncateTarget":false,"bulkApiDBTarget":false,"customFuncCfg":{"@type":"customFuncConfig","id":-1,"connections":[],"inputMap":[],"outputFields":[]},"targetRefsV2":{},"targetUpdateColumns":[],"extendedObject":{"@type":"extendedObject","object":{"@type":"mObject","name":"CURRENCY_EXCHANGE_RATE_CONV","label":"CURRENCY_EXCHANGE_RATE_CONV","metadataUpdated":false,"relations":[],"children":[]},"advancedFilterExpression":"CURRENCY_CODE_TO = 'EUR' \nAND CURRENCY_CODE_FROM <> 'EUR'\nAND MONTH(START_DATE) = 1\nAND DAY(START_DATE) = 1","singleMode":true,"objects":[{"@type":"mObject","name":"CURRENCY_EXCHANGE_RATE_CONV","label":"CURRENCY_EXCHANGE_RATE_CONV","metadataUpdated":false,"relations":[],"children":[]}],"filters":[],"sortFields":[]},"runtimeAttrs":{},"oprRuntimeAttrs":{"interimDirectory":"","FieldDelimiter":"0x1e","OnPrePostSQLError":"Continue","PostSQL":"","BlobPartSize":"8","TableName":"","PreSQL":"","ContainerName":"","QuoteChar":"0x1f","FileSystemName":"ippmprx-stage-iics","SchemaName":"","ConcurrentBlobConnections":"4","SQLOverride":""},"isRESTModernSource":true,"isFileList":false,"handleSpecialChars":false,"handleDecimalRoundOff":false,"frsAsset":false,"dynamicFileName":false,"excludeDynamicFileNameField":false,"currentlyProcessedFileName":false,"retainFieldMetadata":false,"useExactSrcNames":false,"userUpdated":true,"fetchMode":"ORIGINAL","tgtObjectAttributes":{},"runtimeParameterData":{"@type":"mtTaskRuntimeParameterData","isConnectionRuntimeParameter":false,"isObjectRuntimeParameter":false},"overridableProperties":[],"overriddenFields":[]},{"@type":"mtTaskParameter","id":881254397,"name":"$SQ_CURRENCY_EXCHANGE_RATE_CONV_CICS$","type":"EXTENDED_SOURCE","label":"SQ_CURRENCY_EXCHANGE_RATE_CONV_CICS","uiProperties":{"connectionParameterized":"false","isSelectDistinct":"false","isMsrcFilterParameterized":"false","isMsrcSortParameterized":"false","objectParameterized":"false","visible":"false","originalPath":"SQ_CURRENCY_EXCHANGE_RATE_CONV_CICS"},"sourceConnectionId":"@8IjhIQo30mReUltU9dHTYW","newFlatFile":false,"newObject":false,"showBusinessNames":false,"naturalOrder":true,"truncateTarget":false,"bulkApiDBTarget":false,"customFuncCfg":{"@type":"customFuncConfig","id":-1,"connections":[],"inputMap":[],"outputFields":[]},"targetRefsV2":{},"targetUpdateColumns":[],"extendedObject":{"@type":"extendedObject","object":{"@type":"mObject","name":"CURRENCY_EXCHANGE_RATE_CONV","label":"CURRENCY_EXCHANGE_RATE_CONV","metadataUpdated":false,"relations":[],"children":[]},"advancedFilterExpression":"CURRENCY_CODE_TO = 'EUR'\nAND CURRENCY_CODE_FROM <> 'EUR'\nAND MONTH(START_DATE) = 1\nAND DAY(START_DATE) = 1","singleMode":true,"objects":[{"@type":"mObject","name":"CURRENCY_EXCHANGE_RATE_CONV","label":"CURRENCY_EXCHANGE_RATE_CONV","metadataUpdated":false,"relations":[],"children":[]}],"filters":[],"sortFields":[]},"runtimeAttrs":{},"oprRuntimeAttrs":{"interimDirectory":"","FieldDelimiter":"0x1e","OnPrePostSQLError":"Continue","PostSQL":"","BlobPartSize":"8","TableName":"","PreSQL":"","ContainerName":"","QuoteChar":"0x1f","FileSystemName":"ippmprx-stage-iics","SchemaName":"","ConcurrentBlobConnections":"4","SQLOverride":""},"isRESTModernSource":true,"isFileList":false,"handleSpecialChars":false,"handleDecimalRoundOff":false,"frsAsset":false,"dynamicFileName":false,"excludeDynamicFileNameField":false,"currentlyProcessedFileName":false,"retainFieldMetadata":false,"useExactSrcNames":false,"userUpdated":true,"fetchMode":"ORIGINAL","tgtObjectAttributes":{},"runtimeParameterData":{"@type":"mtTaskRuntimeParameterData","isConnectionRuntimeParameter":false,"isObjectRuntimeParameter":false},"overridableProperties":[],"overriddenFields":[]},{"@type":"mtTaskParameter","id":881254398,"name":"$SQ_CURRENCY_EXCHANGE_RATE_CONV_PURCHASE_NON_EUR$","type":"EXTENDED_SOURCE","label":"SQ_CURRENCY_EXCHANGE_RATE_CONV_PURCHASE_NON_EUR","uiProperties":{"connectionParameterized":"false","isSelectDistinct":"false","isMsrcFilterParameterized":"false","isMsrcSortParameterized":"false","objectParameterized":"false","visible":"false","originalPath":"SQ_CURRENCY_EXCHANGE_RATE_CONV_PURCHASE_NON_EUR"},"sourceConnectionId":"@8IjhIQo30mReUltU9dHTYW","newFlatFile":false,"newObject":false,"showBusinessNames":false,"naturalOrder":true,"truncateTarget":false,"bulkApiDBTarget":false,"customFuncCfg":{"@type":"customFuncConfig","id":-1,"connections":[],"inputMap":[],"outputFields":[]},"targetRefsV2":{},"targetUpdateColumns":[],"extendedObject":{"@type":"extendedObject","object":{"@type":"mObject","name":"CURRENCY_EXCHANGE_RATE_CONV","label":"CURRENCY_EXCHANGE_RATE_CONV","metadataUpdated":false,"relations":[],"children":[]},"advancedFilterExpression":"CURRENCY_CODE_TO = 'EUR' \nAND CURRENCY_CODE_FROM <> 'EUR'\nAND MONTH(START_DATE) = 1\nAND DAY(START_DATE) = 1","singleMode":true,"objects":[{"@type":"mObject","name":"CURRENCY_EXCHANGE_RATE_CONV","label":"CURRENCY_EXCHANGE_RATE_CONV","metadataUpdated":false,"relations":[],"children":[]}],"filters":[],"sortFields":[]},"runtimeAttrs":{},"oprRuntimeAttrs":{"interimDirectory":"","FieldDelimiter":"0x1e","OnPrePostSQLError":"Continue","PostSQL":"","BlobPartSize":"8","TableName":"","PreSQL":"","ContainerName":"","QuoteChar":"0x1f","FileSystemName":"ippmprx-stage-iics","SchemaName":"","ConcurrentBlobConnections":"4","SQLOverride":""},"isRESTModernSource":true,"isFileList":false,"handleSpecialChars":false,"handleDecimalRoundOff":false,"frsAsset":false,"dynamicFileName":false,"excludeDynamicFileNameField":false,"currentlyProcessedFileName":false,"retainFieldMetadata":false,"useExactSrcNames":false,"userUpdated":true,"fetchMode":"ORIGINAL","tgtObjectAttributes":{},"runtimeParameterData":{"@type":"mtTaskRuntimeParameterData","isConnectionRuntimeParameter":false,"isObjectRuntimeParameter":false},"overridableProperties":[],"overriddenFields":[]},{"@type":"mtTaskParameter","id":881254399,"name":"$SQ_CURRENCY_EXCHANGE_RATE_CONV_RHELP_STANDARD_SCOS$","type":"EXTENDED_SOURCE","label":"SQ_CURRENCY_EXCHANGE_RATE_CONV_RHELP_STANDARD_SCOS","uiProperties":{"connectionParameterized":"false","isSelectDistinct":"false","isMsrcFilterParameterized":"false","isMsrcSortParameterized":"false","objectParameterized":"false","visible":"false","originalPath":"SQ_CURRENCY_EXCHANGE_RATE_CONV_RHELP_STANDARD_SCOS"},"sourceConnectionId":"@8IjhIQo30mReUltU9dHTYW","newFlatFile":false,"newObject":false,"showBusinessNames":false,"naturalOrder":true,"truncateTarget":false,"bulkApiDBTarget":false,"customFuncCfg":{"@type":"customFuncConfig","id":-1,"connections":[],"inputMap":[],"outputFields":[]},"targetRefsV2":{},"targetUpdateColumns":[],"extendedObject":{"@type":"extendedObject","object":{"@type":"mObject","name":"CURRENCY_EXCHANGE_RATE_CONV","label":"CURRENCY_EXCHANGE_RATE_CONV","metadataUpdated":false,"relations":[],"children":[]},"advancedFilterExpression":"CURRENCY_CODE_FROM = 'SEK' AND CURRENCY_CODE_TO = 'EUR'\nAND MONTH(START_DATE) = 1\nAND DAY(START_DATE) = 1","singleMode":true,"objects":[{"@type":"mObject","name":"CURRENCY_EXCHANGE_RATE_CONV","label":"CURRENCY_EXCHANGE_RATE_CONV","metadataUpdated":false,"relations":[],"children":[]}],"filters":[],"sortFields":[]},"runtimeAttrs":{},"oprRuntimeAttrs":{"interimDirectory":"","FieldDelimiter":"0x1e","OnPrePostSQLError":"Continue","PostSQL":"","BlobPartSize":"8","TableName":"","PreSQL":"","ContainerName":"","QuoteChar":"0x1f","FileSystemName":"ippmprx-stage-iics","SchemaName":"","ConcurrentBlobConnections":"4","SQLOverride":""},"isRESTModernSource":true,"isFileList":false,"handleSpecialChars":false,"handleDecimalRoundOff":false,"frsAsset":false,"dynamicFileName":false,"excludeDynamicFileNameField":false,"currentlyProcessedFileName":false,"retainFieldMetadata":false,"useExactSrcNames":false,"userUpdated":true,"fetchMode":"ORIGINAL","tgtObjectAttributes":{},"runtimeParameterData":{"@type":"mtTaskRuntimeParameterData","isConnectionRuntimeParameter":false,"isObjectRuntimeParameter":false},"overridableProperties":[],"overriddenFields":[]},{"@type":"mtTaskParameter","id":881254400,"name":"$SQ_DIM_PART_ACOS_EUR$","type":"SOURCE","label":"SQ_DIM_PART_ACOS_EUR","uiProperties":{"connectionParameterized":"false","isSelectDistinct":"false","objectParameterized":"false","visible":"false","originalPath":"SQ_DIM_PART_ACOS_EUR"},"sourceConnectionId":"@8IjhIQo30mReUltU9dHTYW","sourceObject":"DUMMY_SQ_DIM_PART_ACOS_EUR","newFlatFile":false,"newObject":false,"showBusinessNames":false,"naturalOrder":true,"truncateTarget":false,"bulkApiDBTarget":false,"customFuncCfg":{"@type":"customFuncConfig","id":-1,"connections":[],"inputMap":[],"outputFields":[]},"targetRefsV2":{},"targetUpdateColumns":[],"runtimeAttrs":{},"oprRuntimeAttrs":{"interimDirectory":"","FieldDelimiter":"0x1e","OnPrePostSQLError":"Continue","PostSQL":"","BlobPartSize":"8","TableName":"","PreSQL":"","ContainerName":"","QuoteChar":"0x1f","FileSystemName":"ippmprx-stage-iics","SchemaName":"","ConcurrentBlobConnections":"4","SQLOverride":""},"isRESTModernSource":true,"customQuery":"select distinct\nPART_PREFIX,\nPART_NUMBER\nfrom ippmprx_dm.DIM_PART\nwhere ACTION_CD <> 'D' AND ACTION_CD <> 'A'","isFileList":false,"handleSpecialChars":false,"handleDecimalRoundOff":false,"frsAsset":false,"dynamicFileName":false,"excludeDynamicFileNameField":false,"currentlyProcessedFileName":false,"retainFieldMetadata":false,"objectName":"DUMMY_SQ_DIM_PART_ACOS_EUR","useExactSrcNames":false,"userUpdated":true,"fetchMode":"ORIGINAL","tgtObjectAttributes":{},"runtimeParameterData":{"@type":"mtTaskRuntimeParameterData","isConnectionRuntimeParameter":false,"isObjectRuntimeParameter":false},"overridableProperties":[],"overriddenFields":[]},{"@type":"mtTaskParameter","id":881254401,"name":"$SQ_DIM_PART_ACOS_NON_EUR$","type":"SOURCE","label":"SQ_DIM_PART_ACOS_NON_EUR","uiProperties":{"connectionParameterized":"false","isSelectDistinct":"false","objectParameterized":"false","visible":"false","originalPath":"SQ_DIM_PART_ACOS_NON_EUR"},"sourceConnectionId":"@8IjhIQo30mReUltU9dHTYW","sourceObject":"DUMMY_SQ_DIM_PART_ACOS_NON_EUR","newFlatFile":false,"newObject":false,"showBusinessNames":false,"naturalOrder":true,"truncateTarget":false,"bulkApiDBTarget":false,"customFuncCfg":{"@type":"customFuncConfig","id":-1,"connections":[],"inputMap":[],"outputFields":[]},"targetRefsV2":{},"targetUpdateColumns":[],"runtimeAttrs":{},"oprRuntimeAttrs":{"interimDirectory":"","FieldDelimiter":"0x1e","OnPrePostSQLError":"Continue","PostSQL":"","BlobPartSize":"8","TableName":"","PreSQL":"","ContainerName":"","QuoteChar":"0x1f","FileSystemName":"ippmprx-stage-iics","SchemaName":"","ConcurrentBlobConnections":"4","SQLOverride":""},"isRESTModernSource":true,"customQuery":"select distinct\nPART_PREFIX,\nPART_NUMBER\nfrom ippmprx_dm.DIM_PART\nwhere ACTION_CD <> 'D' AND ACTION_CD <> 'A'","isFileList":false,"handleSpecialChars":false,"handleDecimalRoundOff":false,"frsAsset":false,"dynamicFileName":false,"excludeDynamicFileNameField":false,"currentlyProcessedFileName":false,"retainFieldMetadata":false,"objectName":"DUMMY_SQ_DIM_PART_ACOS_NON_EUR","useExactSrcNames":false,"userUpdated":true,"fetchMode":"ORIGINAL","tgtObjectAttributes":{},"runtimeParameterData":{"@type":"mtTaskRuntimeParameterData","isConnectionRuntimeParameter":false,"isObjectRuntimeParameter":false},"overridableProperties":[],"overriddenFields":[]},{"@type":"mtTaskParameter","id":881254402,"name":"$SQ_DIM_PART_CICS$","type":"SOURCE","label":"SQ_DIM_PART_CICS","uiProperties":{"connectionParameterized":"false","isSelectDistinct":"false","objectParameterized":"false","visible":"false","originalPath":"SQ_DIM_PART_CICS"},"sourceConnectionId":"@8IjhIQo30mReUltU9dHTYW","sourceObject":"DUMMY_SQ_DIM_PART_CICS","newFlatFile":false,"newObject":false,"showBusinessNames":false,"naturalOrder":true,"truncateTarget":false,"bulkApiDBTarget":false,"customFuncCfg":{"@type":"customFuncConfig","id":-1,"connections":[],"inputMap":[],"outputFields":[]},"targetRefsV2":{},"targetUpdateColumns":[],"runtimeAttrs":{},"oprRuntimeAttrs":{"interimDirectory":"","FieldDelimiter":"0x1e","OnPrePostSQLError":"Continue","PostSQL":"","BlobPartSize":"8","TableName":"","PreSQL":"","ContainerName":"","QuoteChar":"0x1f","FileSystemName":"ippmprx-stage-iics","SchemaName":"","ConcurrentBlobConnections":"4","SQLOverride":""},"isRESTModernSource":true,"customQuery":"select distinct\nPART_PREFIX,\nPART_NUMBER\nfrom ippmprx_dm.DIM_PART\nwhere ACTION_CD <> 'D' AND ACTION_CD <> 'A'","isFileList":false,"handleSpecialChars":false,"handleDecimalRoundOff":false,"frsAsset":false,"dynamicFileName":false,"excludeDynamicFileNameField":false,"currentlyProcessedFileName":false,"retainFieldMetadata":false,"objectName":"DUMMY_SQ_DIM_PART_CICS","useExactSrcNames":false,"userUpdated":true,"fetchMode":"ORIGINAL","tgtObjectAttributes":{},"runtimeParameterData":{"@type":"mtTaskRuntimeParameterData","isConnectionRuntimeParameter":false,"isObjectRuntimeParameter":false},"overridableProperties":[],"overriddenFields":[]},{"@type":"mtTaskParameter","id":881254403,"name":"$SQ_DIM_PART_PARTSLINQ_STANDARD_SCOS$","type":"SOURCE","label":"SQ_DIM_PART_PARTSLINQ_STANDARD_SCOS","uiProperties":{"connectionParameterized":"false","isSelectDistinct":"false","objectParameterized":"false","visible":"false","originalPath":"SQ_DIM_PART_PARTSLINQ_STANDARD_SCOS"},"sourceConnectionId":"@8IjhIQo30mReUltU9dHTYW","sourceObject":"DUMMY_SQ_DIM_PART_PARTSLINQ_STANDARD_SCOS","newFlatFile":false,"newObject":false,"showBusinessNames":false,"naturalOrder":true,"truncateTarget":false,"bulkApiDBTarget":false,"customFuncCfg":{"@type":"customFuncConfig","id":-1,"connections":[],"inputMap":[],"outputFields":[]},"targetRefsV2":{},"targetUpdateColumns":[],"runtimeAttrs":{},"oprRuntimeAttrs":{"interimDirectory":"","FieldDelimiter":"0x1e","OnPrePostSQLError":"Continue","PostSQL":"","BlobPartSize":"8","TableName":"","PreSQL":"","ContainerName":"","QuoteChar":"0x1f","FileSystemName":"ippmprx-stage-iics","SchemaName":"","ConcurrentBlobConnections":"4","SQLOverride":""},"isRESTModernSource":true,"customQuery":"select distinct\nPART_PREFIX,\nPART_NUMBER\nfrom ippmprx_dm.DIM_PART\nwhere PART_PREFIX IN ('RT') AND ACTION_CD <> 'D' AND ACTION_CD <> 'A'","isFileList":false,"handleSpecialChars":false,"handleDecimalRoundOff":false,"frsAsset":false,"dynamicFileName":false,"excludeDynamicFileNameField":false,"currentlyProcessedFileName":false,"retainFieldMetadata":false,"objectName":"DUMMY_SQ_DIM_PART_PARTSLINQ_STANDARD_SCOS","useExactSrcNames":false,"userUpdated":true,"fetchMode":"ORIGINAL","tgtObjectAttributes":{},"runtimeParameterData":{"@type":"mtTaskRuntimeParameterData","isConnectionRuntimeParameter":false,"isObjectRuntimeParameter":false},"overridableProperties":[],"overriddenFields":[]},{"@type":"mtTaskParameter","id":881254404,"name":"$SQ_DIM_PART_PURCHASE_EUR$","type":"SOURCE","label":"SQ_DIM_PART_PURCHASE_EUR","uiProperties":{"connectionParameterized":"false","isSelectDistinct":"false","objectParameterized":"false","visible":"false","originalPath":"SQ_DIM_PART_PURCHASE_EUR"},"sourceConnectionId":"@8IjhIQo30mReUltU9dHTYW","sourceObject":"DUMMY_SQ_DIM_PART_PURCHASE_EUR","newFlatFile":false,"newObject":false,"showBusinessNames":false,"naturalOrder":true,"truncateTarget":false,"bulkApiDBTarget":false,"customFuncCfg":{"@type":"customFuncConfig","id":-1,"connections":[],"inputMap":[],"outputFields":[]},"targetRefsV2":{},"targetUpdateColumns":[],"runtimeAttrs":{},"oprRuntimeAttrs":{"interimDirectory":"","FieldDelimiter":"0x1e","OnPrePostSQLError":"Continue","PostSQL":"","BlobPartSize":"8","TableName":"","PreSQL":"","ContainerName":"","QuoteChar":"0x1f","FileSystemName":"ippmprx-stage-iics","SchemaName":"","ConcurrentBlobConnections":"4","SQLOverride":""},"isRESTModernSource":true,"customQuery":"select distinct\nPART_PREFIX,\nPART_NUMBER\nfrom ippmprx_dm.DIM_PART\nwhere ACTION_CD <> 'D' AND ACTION_CD <> 'A'","isFileList":false,"handleSpecialChars":false,"handleDecimalRoundOff":false,"frsAsset":false,"dynamicFileName":false,"excludeDynamicFileNameField":false,"currentlyProcessedFileName":false,"retainFieldMetadata":false,"objectName":"DUMMY_SQ_DIM_PART_PURCHASE_EUR","useExactSrcNames":false,"userUpdated":true,"fetchMode":"ORIGINAL","tgtObjectAttributes":{},"runtimeParameterData":{"@type":"mtTaskRuntimeParameterData","isConnectionRuntimeParameter":false,"isObjectRuntimeParameter":false},"overridableProperties":[],"overriddenFields":[]},{"@type":"mtTaskParameter","id":881254405,"name":"$SQ_DIM_PART_PURCHASE_NON_EUR$","type":"SOURCE","label":"SQ_DIM_PART_PURCHASE_NON_EUR","uiProperties":{"connectionParameterized":"false","isSelectDistinct":"false","objectParameterized":"false","visible":"false","originalPath":"SQ_DIM_PART_PURCHASE_NON_EUR"},"sourceConnectionId":"@8IjhIQo30mReUltU9dHTYW","sourceObject":"DUMMY_SQ_DIM_PART_PURCHASE_NON_EUR","newFlatFile":false,"newObject":false,"showBusinessNames":false,"naturalOrder":true,"truncateTarget":false,"bulkApiDBTarget":false,"customFuncCfg":{"@type":"customFuncConfig","id":-1,"connections":[],"inputMap":[],"outputFields":[]},"targetRefsV2":{},"targetUpdateColumns":[],"runtimeAttrs":{},"oprRuntimeAttrs":{"interimDirectory":"","FieldDelimiter":"0x1e","OnPrePostSQLError":"Continue","PostSQL":"","BlobPartSize":"8","TableName":"","PreSQL":"","ContainerName":"","QuoteChar":"0x1f","FileSystemName":"ippmprx-stage-iics","SchemaName":"","ConcurrentBlobConnections":"4","SQLOverride":""},"isRESTModernSource":true,"customQuery":"SELECT DISTINCT\nPART_PREFIX,\nPART_NUMBER\nfrom ippmprx_dm.DIM_PART\nWHERE ACTION_CD <> 'D' AND ACTION_CD <> 'A'","isFileList":false,"handleSpecialChars":false,"handleDecimalRoundOff":false,"frsAsset":false,"dynamicFileName":false,"excludeDynamicFileNameField":false,"currentlyProcessedFileName":false,"retainFieldMetadata":false,"objectName":"DUMMY_SQ_DIM_PART_PURCHASE_NON_EUR","useExactSrcNames":false,"userUpdated":true,"fetchMode":"ORIGINAL","tgtObjectAttributes":{},"runtimeParameterData":{"@type":"mtTaskRuntimeParameterData","isConnectionRuntimeParameter":false,"isObjectRuntimeParameter":false},"overridableProperties":[],"overriddenFields":[]},{"@type":"mtTaskParameter","id":881254406,"name":"$SQ_D_CURRENCY_EXCHANGE_RATE_TYPE_ACOS_NON_EUR$","type":"SOURCE","label":"SQ_D_CURRENCY_EXCHANGE_RATE_TYPE_ACOS_NON_EUR","uiProperties":{"connectionParameterized":"false","isSelectDistinct":"false","objectParameterized":"false","visible":"false","originalPath":"SQ_D_CURRENCY_EXCHANGE_RATE_TYPE_ACOS_NON_EUR"},"sourceConnectionId":"@8IjhIQo30mReUltU9dHTYW","sourceObject":"DUMMY_SQ_D_CURRENCY_EXCHANGE_RATE_TYPE_ACOS_NON_EUR","newFlatFile":false,"newObject":false,"showBusinessNames":false,"naturalOrder":true,"truncateTarget":false,"bulkApiDBTarget":false,"customFuncCfg":{"@type":"customFuncConfig","id":-1,"connections":[],"inputMap":[],"outputFields":[]},"targetRefsV2":{},"targetUpdateColumns":[],"runtimeAttrs":{},"oprRuntimeAttrs":{"interimDirectory":"","FieldDelimiter":"0x1e","OnPrePostSQLError":"Continue","PostSQL":"","BlobPartSize":"8","TableName":"","PreSQL":"","ContainerName":"","QuoteChar":"0x1f","FileSystemName":"ippmprx-stage-iics","SchemaName":"","ConcurrentBlobConnections":"4","SQLOverride":""},"isRESTModernSource":true,"customQuery":"select distinct\nCURRENCY_EXCHANGE_RATE_TYPE_TK\nfrom ippmprx_dm.D_CURRENCY_EXCHANGE_RATE_TYPE\nwhere RATE_TYPE_KEY = 'S001'","isFileList":false,"handleSpecialChars":false,"handleDecimalRoundOff":false,"frsAsset":false,"dynamicFileName":false,"excludeDynamicFileNameField":false,"currentlyProcessedFileName":false,"retainFieldMetadata":false,"objectName":"DUMMY_SQ_D_CURRENCY_EXCHANGE_RATE_TYPE_ACOS_NON_EUR","useExactSrcNames":false,"userUpdated":true,"fetchMode":"ORIGINAL","tgtObjectAttributes":{},"runtimeParameterData":{"@type":"mtTaskRuntimeParameterData","isConnectionRuntimeParameter":false,"isObjectRuntimeParameter":false},"overridableProperties":[],"overriddenFields":[]},{"@type":"mtTaskParameter","id":881254407,"name":"$SQ_D_CURRENCY_EXCHANGE_RATE_TYPE_CICS$","type":"SOURCE","label":"SQ_D_CURRENCY_EXCHANGE_RATE_TYPE_CICS","uiProperties":{"connectionParameterized":"false","isSelectDistinct":"false","objectParameterized":"false","visible":"false","originalPath":"SQ_D_CURRENCY_EXCHANGE_RATE_TYPE_CICS"},"sourceConnectionId":"@8IjhIQo30mReUltU9dHTYW","sourceObject":"DUMMY_SQ_D_CURRENCY_EXCHANGE_RATE_TYPE_CICS","newFlatFile":false,"newObject":false,"showBusinessNames":false,"naturalOrder":true,"truncateTarget":false,"bulkApiDBTarget":false,"customFuncCfg":{"@type":"customFuncConfig","id":-1,"connections":[],"inputMap":[],"outputFields":[]},"targetRefsV2":{},"targetUpdateColumns":[],"runtimeAttrs":{},"oprRuntimeAttrs":{"interimDirectory":"","FieldDelimiter":"0x1e","OnPrePostSQLError":"Continue","PostSQL":"","BlobPartSize":"8","TableName":"","PreSQL":"","ContainerName":"","QuoteChar":"0x1f","FileSystemName":"ippmprx-stage-iics","SchemaName":"","ConcurrentBlobConnections":"4","SQLOverride":""},"isRESTModernSource":true,"customQuery":"select distinct\nCURRENCY_EXCHANGE_RATE_TYPE_TK\nfrom ippmprx_dm.D_CURRENCY_EXCHANGE_RATE_TYPE\nwhere RATE_TYPE_KEY = 'S001'","isFileList":false,"handleSpecialChars":false,"handleDecimalRoundOff":false,"frsAsset":false,"dynamicFileName":false,"excludeDynamicFileNameField":false,"currentlyProcessedFileName":false,"retainFieldMetadata":false,"objectName":"DUMMY_SQ_D_CURRENCY_EXCHANGE_RATE_TYPE_CICS","useExactSrcNames":false,"userUpdated":true,"fetchMode":"ORIGINAL","tgtObjectAttributes":{},"runtimeParameterData":{"@type":"mtTaskRuntimeParameterData","isConnectionRuntimeParameter":false,"isObjectRuntimeParameter":false},"overridableProperties":[],"overriddenFields":[]},{"@type":"mtTaskParameter","id":881254408,"name":"$SQ_D_CURRENCY_EXCHANGE_RATE_TYPE_PURCHASE_NON_EUR$","type":"SOURCE","label":"SQ_D_CURRENCY_EXCHANGE_RATE_TYPE_PURCHASE_NON_EUR","uiProperties":{"connectionParameterized":"false","isSelectDistinct":"false","objectParameterized":"false","visible":"false","originalPath":"SQ_D_CURRENCY_EXCHANGE_RATE_TYPE_PURCHASE_NON_EUR"},"sourceConnectionId":"@8IjhIQo30mReUltU9dHTYW","sourceObject":"DUMMY_SQ_D_CURRENCY_EXCHANGE_RATE_TYPE_PURCHASE_NON_EUR","newFlatFile":false,"newObject":false,"showBusinessNames":false,"naturalOrder":true,"truncateTarget":false,"bulkApiDBTarget":false,"customFuncCfg":{"@type":"customFuncConfig","id":-1,"connections":[],"inputMap":[],"outputFields":[]},"targetRefsV2":{},"targetUpdateColumns":[],"runtimeAttrs":{},"oprRuntimeAttrs":{"interimDirectory":"","FieldDelimiter":"0x1e","OnPrePostSQLError":"Continue","PostSQL":"","BlobPartSize":"8","TableName":"","PreSQL":"","ContainerName":"","QuoteChar":"0x1f","FileSystemName":"ippmprx-stage-iics","SchemaName":"","ConcurrentBlobConnections":"4","SQLOverride":""},"isRESTModernSource":true,"customQuery":"select distinct\nCURRENCY_EXCHANGE_RATE_TYPE_TK\nfrom ippmprx_dm.D_CURRENCY_EXCHANGE_RATE_TYPE\nwhere RATE_TYPE_KEY = 'S001'","isFileList":false,"handleSpecialChars":false,"handleDecimalRoundOff":false,"frsAsset":false,"dynamicFileName":false,"excludeDynamicFileNameField":false,"currentlyProcessedFileName":false,"retainFieldMetadata":false,"objectName":"DUMMY_SQ_D_CURRENCY_EXCHANGE_RATE_TYPE_PURCHASE_NON_EUR","useExactSrcNames":false,"userUpdated":true,"fetchMode":"ORIGINAL","tgtObjectAttributes":{},"runtimeParameterData":{"@type":"mtTaskRuntimeParameterData","isConnectionRuntimeParameter":false,"isObjectRuntimeParameter":false},"overridableProperties":[],"overriddenFields":[]},{"@type":"mtTaskParameter","id":881254409,"name":"$SQ_D_CURRENCY_EXCHANGE_RATE_TYPE_RHELP_STANDARD_SCOS$","type":"SOURCE","label":"SQ_D_CURRENCY_EXCHANGE_RATE_TYPE_RHELP_STANDARD_SCOS","uiProperties":{"connectionParameterized":"false","isSelectDistinct":"false","objectParameterized":"false","visible":"false","originalPath":"SQ_D_CURRENCY_EXCHANGE_RATE_TYPE_RHELP_STANDARD_SCOS"},"sourceConnectionId":"@8IjhIQo30mReUltU9dHTYW","sourceObject":"DUMMY_SQ_D_CURRENCY_EXCHANGE_RATE_TYPE_RHELP_STANDARD_SCOS","newFlatFile":false,"newObject":false,"showBusinessNames":false,"naturalOrder":true,"truncateTarget":false,"bulkApiDBTarget":false,"customFuncCfg":{"@type":"customFuncConfig","id":-1,"connections":[],"inputMap":[],"outputFields":[]},"targetRefsV2":{},"targetUpdateColumns":[],"runtimeAttrs":{},"oprRuntimeAttrs":{"interimDirectory":"","FieldDelimiter":"0x1e","OnPrePostSQLError":"Continue","PostSQL":"","BlobPartSize":"8","TableName":"","PreSQL":"","ContainerName":"","QuoteChar":"0x1f","FileSystemName":"ippmprx-stage-iics","SchemaName":"","ConcurrentBlobConnections":"4","SQLOverride":""},"isRESTModernSource":true,"customQuery":"select distinct\nCURRENCY_EXCHANGE_RATE_TYPE_TK\nfrom ippmprx_dm.D_CURRENCY_EXCHANGE_RATE_TYPE\nwhere RATE_TYPE_KEY = 'S001'","isFileList":false,"handleSpecialChars":false,"handleDecimalRoundOff":false,"frsAsset":false,"dynamicFileName":false,"excludeDynamicFileNameField":false,"currentlyProcessedFileName":false,"retainFieldMetadata":false,"objectName":"DUMMY_SQ_D_CURRENCY_EXCHANGE_RATE_TYPE_RHELP_STANDARD_SCOS","useExactSrcNames":false,"userUpdated":true,"fetchMode":"ORIGINAL","tgtObjectAttributes":{},"runtimeParameterData":{"@type":"mtTaskRuntimeParameterData","isConnectionRuntimeParameter":false,"isObjectRuntimeParameter":false},"overridableProperties":[],"overriddenFields":[]},{"@type":"mtTaskParameter","id":881254410,"name":"$SQ_STOV_CTSPSS_PART_COST_ACT$","type":"EXTENDED_SOURCE","label":"SQ_STOV_CTSPSS_PART_COST_ACT","uiProperties":{"connectionParameterized":"false","isSelectDistinct":"false","isMsrcFilterParameterized":"false","isMsrcSortParameterized":"false","objectParameterized":"false","visible":"false","originalPath":"SQ_STOV_CTSPSS_PART_COST_ACT"},"sourceConnectionId":"@8IjhIQo30mReUltU9dHTYW","newFlatFile":false,"newObject":false,"showBusinessNames":false,"naturalOrder":true,"truncateTarget":false,"bulkApiDBTarget":false,"customFuncCfg":{"@type":"customFuncConfig","id":-1,"connections":[],"inputMap":[],"outputFields":[]},"targetRefsV2":{},"targetUpdateColumns":[],"extendedObject":{"@type":"extendedObject","object":{"@type":"mObject","name":"STOV_CTSPSS_PART_COST_ACT","label":"STOV_CTSPSS_PART_COST_ACT","metadataUpdated":false,"relations":[],"children":[]},"advancedFilterExpression":"RECORD_STATUS <> 'D'\nAND COST_TYPE = 'C'\nAND TRIM(COALESCE(VALID_FROM_DATE,'')) <> ''","singleMode":true,"objects":[{"@type":"mObject","name":"STOV_CTSPSS_PART_COST_ACT","label":"STOV_CTSPSS_PART_COST_ACT","metadataUpdated":false,"relations":[],"children":[]}],"filters":[],"sortFields":[]},"runtimeAttrs":{},"oprRuntimeAttrs":{"interimDirectory":"","FieldDelimiter":"0x1e","OnPrePostSQLError":"Continue","PostSQL":"","BlobPartSize":"8","TableName":"","PreSQL":"","ContainerName":"","QuoteChar":"0x1f","FileSystemName":"ippmprx-stage-iics","SchemaName":"","ConcurrentBlobConnections":"4","SQLOverride":""},"isRESTModernSource":true,"isFileList":false,"handleSpecialChars":false,"handleDecimalRoundOff":false,"frsAsset":false,"dynamicFileName":false,"excludeDynamicFileNameField":false,"currentlyProcessedFileName":false,"retainFieldMetadata":false,"useExactSrcNames":false,"userUpdated":true,"fetchMode":"ORIGINAL","tgtObjectAttributes":{},"runtimeParameterData":{"@type":"mtTaskRuntimeParameterData","isConnectionRuntimeParameter":false,"isObjectRuntimeParameter":false},"overridableProperties":[],"overriddenFields":[]},{"@type":"mtTaskParameter","id":881254411,"name":"$SQ_STOV_PARTSLINQ_PART_ACT$","type":"EXTENDED_SOURCE","label":"SQ_STOV_PARTSLINQ_PART_ACT","uiProperties":{"connectionParameterized":"false","isSelectDistinct":"false","isMsrcFilterParameterized":"false","isMsrcSortParameterized":"false","objectParameterized":"false","visible":"false","originalPath":"SQ_STOV_PARTSLINQ_PART_ACT"},"sourceConnectionId":"@8IjhIQo30mReUltU9dHTYW","newFlatFile":false,"newObject":false,"showBusinessNames":false,"naturalOrder":true,"truncateTarget":false,"bulkApiDBTarget":false,"customFuncCfg":{"@type":"customFuncConfig","id":-1,"connections":[],"inputMap":[],"outputFields":[]},"targetRefsV2":{},"targetUpdateColumns":[],"extendedObject":{"@type":"extendedObject","object":{"@type":"mObject","name":"STOV_PARTSLINQ_PART_ACT","label":"STOV_PARTSLINQ_PART_ACT","metadataUpdated":false,"relations":[],"children":[]},"advancedFilterExpression":"PARTPREFIX = 'RT' AND RECORD_STATUS <> 'D'","singleMode":true,"objects":[{"@type":"mObject","name":"STOV_PARTSLINQ_PART_ACT","label":"STOV_PARTSLINQ_PART_ACT","metadataUpdated":false,"relations":[],"children":[]}],"filters":[],"sortFields":[]},"runtimeAttrs":{},"oprRuntimeAttrs":{"interimDirectory":"","FieldDelimiter":"0x1e","OnPrePostSQLError":"Continue","PostSQL":"","BlobPartSize":"8","TableName":"","PreSQL":"","ContainerName":"","QuoteChar":"0x1f","FileSystemName":"ippmprx-stage-iics","SchemaName":"","ConcurrentBlobConnections":"4","SQLOverride":""},"isRESTModernSource":true,"isFileList":false,"handleSpecialChars":false,"handleDecimalRoundOff":false,"frsAsset":false,"dynamicFileName":false,"excludeDynamicFileNameField":false,"currentlyProcessedFileName":false,"retainFieldMetadata":false,"useExactSrcNames":false,"userUpdated":true,"fetchMode":"ORIGINAL","tgtObjectAttributes":{},"runtimeParameterData":{"@type":"mtTaskRuntimeParameterData","isConnectionRuntimeParameter":false,"isObjectRuntimeParameter":false},"overridableProperties":[],"overriddenFields":[]},{"@type":"mtTaskParameter","id":881254412,"name":"$SQ_STOV_PARTSLINQ_PART_PLANT_LOCATION_HIST$","type":"EXTENDED_SOURCE","label":"SQ_STOV_PARTSLINQ_PART_PLANT_LOCATION_HIST","uiProperties":{"connectionParameterized":"false","isSelectDistinct":"false","isMsrcFilterParameterized":"false","isMsrcSortParameterized":"false","objectParameterized":"false","visible":"false","originalPath":"SQ_STOV_PARTSLINQ_PART_PLANT_LOCATION_HIST"},"sourceConnectionId":"@8IjhIQo30mReUltU9dHTYW","newFlatFile":false,"newObject":false,"showBusinessNames":false,"naturalOrder":true,"truncateTarget":false,"bulkApiDBTarget":false,"customFuncCfg":{"@type":"customFuncConfig","id":-1,"connections":[],"inputMap":[],"outputFields":[]},"targetRefsV2":{},"targetUpdateColumns":[],"extendedObject":{"@type":"extendedObject","object":{"@type":"mObject","name":"STOV_PARTSLINQ_PART_PLANT_LOCATION_HIST","label":"STOV_PARTSLINQ_PART_PLANT_LOCATION_HIST","metadataUpdated":false,"relations":[],"children":[]},"advancedFilterExpression":"RECORD_STATUS <> 'D' \nAND PLANT_LOCATION_KEY = 'S2' \nAND VALIDFROMMONTH IS NOT NULL\nAND VALIDFROMMONTH <> ''\nAND VALIDFROMMONTH <> '000000'\nAND SUBSTRING(VALIDFROMMONTH,1,4) <= SUBSTRING(CONVERT(VARCHAR, GETDATE(),112),1,4)","singleMode":true,"objects":[{"@type":"mObject","name":"STOV_PARTSLINQ_PART_PLANT_LOCATION_HIST","label":"STOV_PARTSLINQ_PART_PLANT_LOCATION_HIST","metadataUpdated":false,"relations":[],"children":[]}],"filters":[],"sortFields":[]},"runtimeAttrs":{},"oprRuntimeAttrs":{"interimDirectory":"","FieldDelimiter":"0x1e","OnPrePostSQLError":"Continue","PostSQL":"","BlobPartSize":"8","TableName":"","PreSQL":"","ContainerName":"","QuoteChar":"0x1f","FileSystemName":"ippmprx-stage-iics","SchemaName":"","ConcurrentBlobConnections":"4","SQLOverride":""},"isRESTModernSource":true,"isFileList":false,"handleSpecialChars":false,"handleDecimalRoundOff":false,"frsAsset":false,"dynamicFileName":false,"excludeDynamicFileNameField":false,"currentlyProcessedFileName":false,"retainFieldMetadata":false,"useExactSrcNames":false,"userUpdated":true,"fetchMode":"ORIGINAL","tgtObjectAttributes":{},"runtimeParameterData":{"@type":"mtTaskRuntimeParameterData","isConnectionRuntimeParameter":false,"isObjectRuntimeParameter":false},"overridableProperties":[],"overriddenFields":[]},{"@type":"mtTaskParameter","id":881254413,"name":"$SQ_STOV_PARTSLINQ_PART_PLANT_LOCATION_HIST_LATEST$","type":"EXTENDED_SOURCE","label":"SQ_STOV_PARTSLINQ_PART_PLANT_LOCATION_HIST_LATEST","uiProperties":{"connectionParameterized":"false","isSelectDistinct":"false","isMsrcFilterParameterized":"false","isMsrcSortParameterized":"false","objectParameterized":"false","visible":"false","originalPath":"SQ_STOV_PARTSLINQ_PART_PLANT_LOCATION_HIST_LATEST"},"sourceConnectionId":"@8IjhIQo30mReUltU9dHTYW","newFlatFile":false,"newObject":false,"showBusinessNames":false,"naturalOrder":true,"truncateTarget":false,"bulkApiDBTarget":false,"customFuncCfg":{"@type":"customFuncConfig","id":-1,"connections":[],"inputMap":[],"outputFields":[]},"targetRefsV2":{},"targetUpdateColumns":[],"extendedObject":{"@type":"extendedObject","object":{"@type":"mObject","name":"STOV_PARTSLINQ_PART_PLANT_LOCATION_HIST","label":"STOV_PARTSLINQ_PART_PLANT_LOCATION_HIST","metadataUpdated":false,"relations":[],"children":[]},"advancedFilterExpression":"RECORD_STATUS <> 'D'  AND PLANT_LOCATION_KEY = 'S2'","singleMode":true,"objects":[{"@type":"mObject","name":"STOV_PARTSLINQ_PART_PLANT_LOCATION_HIST","label":"STOV_PARTSLINQ_PART_PLANT_LOCATION_HIST","metadataUpdated":false,"relations":[],"children":[]}],"filters":[],"sortFields":[]},"runtimeAttrs":{},"oprRuntimeAttrs":{"interimDirectory":"","FieldDelimiter":"0x1e","OnPrePostSQLError":"Continue","PostSQL":"","BlobPartSize":"8","TableName":"","PreSQL":"","ContainerName":"","QuoteChar":"0x1f","FileSystemName":"ippmprx-stage-iics","SchemaName":"","ConcurrentBlobConnections":"4","SQLOverride":""},"isRESTModernSource":true,"isFileList":false,"handleSpecialChars":false,"handleDecimalRoundOff":false,"frsAsset":false,"dynamicFileName":false,"excludeDynamicFileNameField":false,"currentlyProcessedFileName":false,"retainFieldMetadata":false,"useExactSrcNames":false,"userUpdated":true,"fetchMode":"ORIGINAL","tgtObjectAttributes":{},"runtimeParameterData":{"@type":"mtTaskRuntimeParameterData","isConnectionRuntimeParameter":false,"isObjectRuntimeParameter":false},"overridableProperties":[],"overriddenFields":[]},{"@type":"mtTaskParameter","id":881254414,"name":"$SQ_TRF_CICS_PARTS_CICS$","type":"EXTENDED_SOURCE","label":"SQ_TRF_CICS_PARTS_CICS","uiProperties":{"connectionParameterized":"false","isSelectDistinct":"false","isMsrcFilterParameterized":"false","isMsrcSortParameterized":"false","objectParameterized":"false","visible":"false","originalPath":"SQ_TRF_CICS_PARTS_CICS"},"sourceConnectionId":"@8IjhIQo30mReUltU9dHTYW","newFlatFile":false,"newObject":false,"showBusinessNames":false,"naturalOrder":true,"truncateTarget":false,"bulkApiDBTarget":false,"customFuncCfg":{"@type":"customFuncConfig","id":-1,"connections":[],"inputMap":[],"outputFields":[]},"targetRefsV2":{},"targetUpdateColumns":[],"extendedObject":{"@type":"extendedObject","object":{"@type":"mObject","name":"TRF_CICS_PARTS","label":"TRF_CICS_PARTS","metadataUpdated":false,"relations":[],"children":[]},"advancedFilterExpression":"CICS_UNIQUE_FLAG = 'Y'","singleMode":true,"objects":[{"@type":"mObject","name":"TRF_CICS_PARTS","label":"TRF_CICS_PARTS","metadataUpdated":false,"relations":[],"children":[]}],"filters":[],"sortFields":[]},"runtimeAttrs":{},"oprRuntimeAttrs":{"interimDirectory":"","FieldDelimiter":"0x1e","OnPrePostSQLError":"Continue","PostSQL":"","BlobPartSize":"8","TableName":"","PreSQL":"","ContainerName":"","QuoteChar":"0x1f","FileSystemName":"ippmprx-stage-iics","SchemaName":"","ConcurrentBlobConnections":"4","SQLOverride":""},"isRESTModernSource":true,"isFileList":false,"handleSpecialChars":false,"handleDecimalRoundOff":false,"frsAsset":false,"dynamicFileName":false,"excludeDynamicFileNameField":false,"currentlyProcessedFileName":false,"retainFieldMetadata":false,"useExactSrcNames":false,"userUpdated":true,"fetchMode":"ORIGINAL","tgtObjectAttributes":{},"runtimeParameterData":{"@type":"mtTaskRuntimeParameterData","isConnectionRuntimeParameter":false,"isObjectRuntimeParameter":false},"overridableProperties":[],"overriddenFields":[]},{"@type":"mtTaskParameter","id":881254415,"name":"$SQ_TRF_CICS_PARTS_RHELP$","type":"EXTENDED_SOURCE","label":"SQ_TRF_CICS_PARTS_RHELP","uiProperties":{"connectionParameterized":"false","isSelectDistinct":"false","isMsrcFilterParameterized":"false","isMsrcSortParameterized":"false","objectParameterized":"false","visible":"false","originalPath":"SQ_TRF_CICS_PARTS_RHELP"},"sourceConnectionId":"@8IjhIQo30mReUltU9dHTYW","newFlatFile":false,"newObject":false,"showBusinessNames":false,"naturalOrder":true,"truncateTarget":false,"bulkApiDBTarget":false,"customFuncCfg":{"@type":"customFuncConfig","id":-1,"connections":[],"inputMap":[],"outputFields":[]},"targetRefsV2":{},"targetUpdateColumns":[],"extendedObject":{"@type":"extendedObject","object":{"@type":"mObject","name":"TRF_CICS_PARTS","label":"TRF_CICS_PARTS","metadataUpdated":false,"relations":[],"children":[]},"advancedFilterExpression":"CICS_UNIQUE_FLAG = 'Y'","singleMode":true,"objects":[{"@type":"mObject","name":"TRF_CICS_PARTS","label":"TRF_CICS_PARTS","metadataUpdated":false,"relations":[],"children":[]}],"filters":[],"sortFields":[]},"runtimeAttrs":{},"oprRuntimeAttrs":{"interimDirectory":"","FieldDelimiter":"0x1e","OnPrePostSQLError":"Continue","PostSQL":"","BlobPartSize":"8","TableName":"","PreSQL":"","ContainerName":"","QuoteChar":"0x1f","FileSystemName":"ippmprx-stage-iics","SchemaName":"","ConcurrentBlobConnections":"4","SQLOverride":""},"isRESTModernSource":true,"isFileList":false,"handleSpecialChars":false,"handleDecimalRoundOff":false,"frsAsset":false,"dynamicFileName":false,"excludeDynamicFileNameField":false,"currentlyProcessedFileName":false,"retainFieldMetadata":false,"useExactSrcNames":false,"userUpdated":true,"fetchMode":"ORIGINAL","tgtObjectAttributes":{},"runtimeParameterData":{"@type":"mtTaskRuntimeParameterData","isConnectionRuntimeParameter":false,"isObjectRuntimeParameter":false},"overridableProperties":[],"overriddenFields":[]},{"@type":"mtTaskParameter","id":881254416,"name":"$SQ_TRF_DWHU_PREFIX_COMPANY_ACOS_EUR$","type":"EXTENDED_SOURCE","label":"SQ_TRF_DWHU_PREFIX_COMPANY_ACOS_EUR","uiProperties":{"connectionParameterized":"false","isSelectDistinct":"false","isMsrcFilterParameterized":"false","isMsrcSortParameterized":"false","objectParameterized":"false","visible":"false","originalPath":"SQ_TRF_DWHU_PREFIX_COMPANY_ACOS_EUR"},"sourceConnectionId":"@8IjhIQo30mReUltU9dHTYW","newFlatFile":false,"newObject":false,"showBusinessNames":false,"naturalOrder":true,"truncateTarget":false,"bulkApiDBTarget":false,"customFuncCfg":{"@type":"customFuncConfig","id":-1,"connections":[],"inputMap":[],"outputFields":[]},"targetRefsV2":{},"targetUpdateColumns":[],"extendedObject":{"@type":"extendedObject","object":{"@type":"mObject","name":"TRF_DWHU_PREFIX_COMPANY","label":"TRF_DWHU_PREFIX_COMPANY","metadataUpdated":false,"relations":[],"children":[]},"singleMode":true,"objects":[{"@type":"mObject","name":"TRF_DWHU_PREFIX_COMPANY","label":"TRF_DWHU_PREFIX_COMPANY","metadataUpdated":false,"relations":[],"children":[]}],"filters":[],"sortFields":[]},"runtimeAttrs":{},"oprRuntimeAttrs":{"interimDirectory":"","FieldDelimiter":"0x1e","OnPrePostSQLError":"Continue","PostSQL":"","BlobPartSize":"8","TableName":"","PreSQL":"","ContainerName":"","QuoteChar":"0x1f","FileSystemName":"ippmprx-stage-iics","SchemaName":"","ConcurrentBlobConnections":"4","SQLOverride":""},"isRESTModernSource":true,"isFileList":false,"handleSpecialChars":false,"handleDecimalRoundOff":false,"frsAsset":false,"dynamicFileName":false,"excludeDynamicFileNameField":false,"currentlyProcessedFileName":false,"retainFieldMetadata":false,"useExactSrcNames":false,"userUpdated":true,"fetchMode":"ORIGINAL","tgtObjectAttributes":{},"runtimeParameterData":{"@type":"mtTaskRuntimeParameterData","isConnectionRuntimeParameter":false,"isObjectRuntimeParameter":false},"overridableProperties":[],"overriddenFields":[]},{"@type":"mtTaskParameter","id":881254417,"name":"$SQ_TRF_DWHU_PREFIX_COMPANY_ACOS_NON_EUR$","type":"EXTENDED_SOURCE","label":"SQ_TRF_DWHU_PREFIX_COMPANY_ACOS_NON_EUR","uiProperties":{"connectionParameterized":"false","isSelectDistinct":"false","isMsrcFilterParameterized":"false","isMsrcSortParameterized":"false","objectParameterized":"false","visible":"false","originalPath":"SQ_TRF_DWHU_PREFIX_COMPANY_ACOS_NON_EUR"},"sourceConnectionId":"@8IjhIQo30mReUltU9dHTYW","newFlatFile":false,"newObject":false,"showBusinessNames":false,"naturalOrder":true,"truncateTarget":false,"bulkApiDBTarget":false,"customFuncCfg":{"@type":"customFuncConfig","id":-1,"connections":[],"inputMap":[],"outputFields":[]},"targetRefsV2":{},"targetUpdateColumns":[],"extendedObject":{"@type":"extendedObject","object":{"@type":"mObject","name":"TRF_DWHU_PREFIX_COMPANY","label":"TRF_DWHU_PREFIX_COMPANY","metadataUpdated":false,"relations":[],"children":[]},"singleMode":true,"objects":[{"@type":"mObject","name":"TRF_DWHU_PREFIX_COMPANY","label":"TRF_DWHU_PREFIX_COMPANY","metadataUpdated":false,"relations":[],"children":[]}],"filters":[],"sortFields":[]},"runtimeAttrs":{},"oprRuntimeAttrs":{"interimDirectory":"","FieldDelimiter":"0x1e","OnPrePostSQLError":"Continue","PostSQL":"","BlobPartSize":"8","TableName":"","PreSQL":"","ContainerName":"","QuoteChar":"0x1f","FileSystemName":"ippmprx-stage-iics","SchemaName":"","ConcurrentBlobConnections":"4","SQLOverride":""},"isRESTModernSource":true,"isFileList":false,"handleSpecialChars":false,"handleDecimalRoundOff":false,"frsAsset":false,"dynamicFileName":false,"excludeDynamicFileNameField":false,"currentlyProcessedFileName":false,"retainFieldMetadata":false,"useExactSrcNames":false,"userUpdated":true,"fetchMode":"ORIGINAL","tgtObjectAttributes":{},"runtimeParameterData":{"@type":"mtTaskRuntimeParameterData","isConnectionRuntimeParameter":false,"isObjectRuntimeParameter":false},"overridableProperties":[],"overriddenFields":[]},{"@type":"mtTaskParameter","id":881254418,"name":"$SQ_TRF_GPS_PURCHASE_ORDER_ACOS_EUR$","type":"EXTENDED_SOURCE","label":"SQ_TRF_GPS_PURCHASE_ORDER_ACOS_EUR","uiProperties":{"connectionParameterized":"false","isSelectDistinct":"false","isMsrcFilterParameterized":"false","isMsrcSortParameterized":"false","objectParameterized":"false","visible":"false","originalPath":"SQ_TRF_GPS_PURCHASE_ORDER_ACOS_EUR"},"sourceConnectionId":"@8IjhIQo30mReUltU9dHTYW","newFlatFile":false,"newObject":false,"showBusinessNames":false,"naturalOrder":true,"truncateTarget":false,"bulkApiDBTarget":false,"customFuncCfg":{"@type":"customFuncConfig","id":-1,"connections":[],"inputMap":[],"outputFields":[]},"targetRefsV2":{},"targetUpdateColumns":[],"extendedObject":{"@type":"extendedObject","object":{"@type":"mObject","name":"TRF_GPS_PURCHASE_ORDER","label":"TRF_GPS_PURCHASE_ORDER","metadataUpdated":false,"relations":[],"children":[]},"advancedFilterExpression":"UNIT_PRICE_CURRENCY_ID = 'EUR'","singleMode":true,"objects":[{"@type":"mObject","name":"TRF_GPS_PURCHASE_ORDER","label":"TRF_GPS_PURCHASE_ORDER","metadataUpdated":false,"relations":[],"children":[]}],"filters":[],"sortFields":[]},"runtimeAttrs":{},"oprRuntimeAttrs":{"interimDirectory":"","FieldDelimiter":"0x1e","OnPrePostSQLError":"Continue","PostSQL":"","BlobPartSize":"8","TableName":"","PreSQL":"","ContainerName":"","QuoteChar":"0x1f","FileSystemName":"ippmprx-stage-iics","SchemaName":"","ConcurrentBlobConnections":"4","SQLOverride":""},"isRESTModernSource":true,"isFileList":false,"handleSpecialChars":false,"handleDecimalRoundOff":false,"frsAsset":false,"dynamicFileName":false,"excludeDynamicFileNameField":false,"currentlyProcessedFileName":false,"retainFieldMetadata":false,"useExactSrcNames":false,"userUpdated":true,"fetchMode":"ORIGINAL","tgtObjectAttributes":{},"runtimeParameterData":{"@type":"mtTaskRuntimeParameterData","isConnectionRuntimeParameter":false,"isObjectRuntimeParameter":false},"overridableProperties":[],"overriddenFields":[]},{"@type":"mtTaskParameter","id":881254419,"name":"$SQ_TRF_GPS_PURCHASE_ORDER_ACOS_NON_EUR$","type":"EXTENDED_SOURCE","label":"SQ_TRF_GPS_PURCHASE_ORDER_ACOS_NON_EUR","uiProperties":{"connectionParameterized":"false","isSelectDistinct":"false","isMsrcFilterParameterized":"false","isMsrcSortParameterized":"false","objectParameterized":"false","visible":"false","originalPath":"SQ_TRF_GPS_PURCHASE_ORDER_ACOS_NON_EUR"},"sourceConnectionId":"@8IjhIQo30mReUltU9dHTYW","newFlatFile":false,"newObject":false,"showBusinessNames":false,"naturalOrder":true,"truncateTarget":false,"bulkApiDBTarget":false,"customFuncCfg":{"@type":"customFuncConfig","id":-1,"connections":[],"inputMap":[],"outputFields":[]},"targetRefsV2":{},"targetUpdateColumns":[],"extendedObject":{"@type":"extendedObject","object":{"@type":"mObject","name":"TRF_GPS_PURCHASE_ORDER","label":"TRF_GPS_PURCHASE_ORDER","metadataUpdated":false,"relations":[],"children":[]},"advancedFilterExpression":"UNIT_PRICE_CURRENCY_ID <> 'EUR'","singleMode":true,"objects":[{"@type":"mObject","name":"TRF_GPS_PURCHASE_ORDER","label":"TRF_GPS_PURCHASE_ORDER","metadataUpdated":false,"relations":[],"children":[]}],"filters":[],"sortFields":[]},"runtimeAttrs":{},"oprRuntimeAttrs":{"interimDirectory":"","FieldDelimiter":"0x1e","OnPrePostSQLError":"Continue","PostSQL":"","BlobPartSize":"8","TableName":"","PreSQL":"","ContainerName":"","QuoteChar":"0x1f","FileSystemName":"ippmprx-stage-iics","SchemaName":"","ConcurrentBlobConnections":"4","SQLOverride":""},"isRESTModernSource":true,"isFileList":false,"handleSpecialChars":false,"handleDecimalRoundOff":false,"frsAsset":false,"dynamicFileName":false,"excludeDynamicFileNameField":false,"currentlyProcessedFileName":false,"retainFieldMetadata":false,"useExactSrcNames":false,"userUpdated":true,"fetchMode":"ORIGINAL","tgtObjectAttributes":{},"runtimeParameterData":{"@type":"mtTaskRuntimeParameterData","isConnectionRuntimeParameter":false,"isObjectRuntimeParameter":false},"overridableProperties":[],"overriddenFields":[]},{"@type":"mtTaskParameter","id":881254420,"name":"$SQ_TRF_GPS_PURCHASE_ORDER_PURCHASE_EUR$","type":"EXTENDED_SOURCE","label":"SQ_TRF_GPS_PURCHASE_ORDER_PURCHASE_EUR","uiProperties":{"connectionParameterized":"false","isSelectDistinct":"false","isMsrcFilterParameterized":"false","isMsrcSortParameterized":"false","objectParameterized":"false","visible":"false","originalPath":"SQ_TRF_GPS_PURCHASE_ORDER_PURCHASE_EUR"},"sourceConnectionId":"@8IjhIQo30mReUltU9dHTYW","newFlatFile":false,"newObject":false,"showBusinessNames":false,"naturalOrder":true,"truncateTarget":false,"bulkApiDBTarget":false,"customFuncCfg":{"@type":"customFuncConfig","id":-1,"connections":[],"inputMap":[],"outputFields":[]},"targetRefsV2":{},"targetUpdateColumns":[],"extendedObject":{"@type":"extendedObject","object":{"@type":"mObject","name":"TRF_GPS_PURCHASE_ORDER","label":"TRF_GPS_PURCHASE_ORDER","metadataUpdated":false,"relations":[],"children":[]},"advancedFilterExpression":"UNIT_PRICE_CURRENCY_ID = 'EUR'","singleMode":true,"objects":[{"@type":"mObject","name":"TRF_GPS_PURCHASE_ORDER","label":"TRF_GPS_PURCHASE_ORDER","metadataUpdated":false,"relations":[],"children":[]}],"filters":[],"sortFields":[]},"runtimeAttrs":{},"oprRuntimeAttrs":{"interimDirectory":"","FieldDelimiter":"0x1e","OnPrePostSQLError":"Continue","PostSQL":"","BlobPartSize":"8","TableName":"","PreSQL":"","ContainerName":"","QuoteChar":"0x1f","FileSystemName":"ippmprx-stage-iics","SchemaName":"","ConcurrentBlobConnections":"4","SQLOverride":""},"isRESTModernSource":true,"isFileList":false,"handleSpecialChars":false,"handleDecimalRoundOff":false,"frsAsset":false,"dynamicFileName":false,"excludeDynamicFileNameField":false,"currentlyProcessedFileName":false,"retainFieldMetadata":false,"useExactSrcNames":false,"userUpdated":true,"fetchMode":"ORIGINAL","tgtObjectAttributes":{},"runtimeParameterData":{"@type":"mtTaskRuntimeParameterData","isConnectionRuntimeParameter":false,"isObjectRuntimeParameter":false},"overridableProperties":[],"overriddenFields":[]},{"@type":"mtTaskParameter","id":881254421,"name":"$SQ_TRF_GPS_PURCHASE_ORDER_PURCHASE_NON_EUR$","type":"EXTENDED_SOURCE","label":"SQ_TRF_GPS_PURCHASE_ORDER_PURCHASE_NON_EUR","uiProperties":{"connectionParameterized":"false","isSelectDistinct":"false","isMsrcFilterParameterized":"false","isMsrcSortParameterized":"false","objectParameterized":"false","visible":"false","originalPath":"SQ_TRF_GPS_PURCHASE_ORDER_PURCHASE_NON_EUR"},"sourceConnectionId":"@8IjhIQo30mReUltU9dHTYW","newFlatFile":false,"newObject":false,"showBusinessNames":false,"naturalOrder":true,"truncateTarget":false,"bulkApiDBTarget":false,"customFuncCfg":{"@type":"customFuncConfig","id":-1,"connections":[],"inputMap":[],"outputFields":[]},"targetRefsV2":{},"targetUpdateColumns":[],"extendedObject":{"@type":"extendedObject","object":{"@type":"mObject","name":"TRF_GPS_PURCHASE_ORDER","label":"TRF_GPS_PURCHASE_ORDER","metadataUpdated":false,"relations":[],"children":[]},"advancedFilterExpression":"UNIT_PRICE_CURRENCY_ID <> 'EUR'","singleMode":true,"objects":[{"@type":"mObject","name":"TRF_GPS_PURCHASE_ORDER","label":"TRF_GPS_PURCHASE_ORDER","metadataUpdated":false,"relations":[],"children":[]}],"filters":[],"sortFields":[]},"runtimeAttrs":{},"oprRuntimeAttrs":{"interimDirectory":"","FieldDelimiter":"0x1e","OnPrePostSQLError":"Continue","PostSQL":"","BlobPartSize":"8","TableName":"","PreSQL":"","ContainerName":"","QuoteChar":"0x1f","FileSystemName":"ippmprx-stage-iics","SchemaName":"","ConcurrentBlobConnections":"4","SQLOverride":""},"isRESTModernSource":true,"isFileList":false,"handleSpecialChars":false,"handleDecimalRoundOff":false,"frsAsset":false,"dynamicFileName":false,"excludeDynamicFileNameField":false,"currentlyProcessedFileName":false,"retainFieldMetadata":false,"useExactSrcNames":false,"userUpdated":true,"fetchMode":"ORIGINAL","tgtObjectAttributes":{},"runtimeParameterData":{"@type":"mtTaskRuntimeParameterData","isConnectionRuntimeParameter":false,"isObjectRuntimeParameter":false},"overridableProperties":[],"overriddenFields":[]},{"@type":"mtTaskParameter","id":881254422,"name":"$SQ_TRF_RHELP_PART_STANDARD_COST$","type":"EXTENDED_SOURCE","label":"SQ_TRF_RHELP_PART_STANDARD_COST","uiProperties":{"connectionParameterized":"false","isSelectDistinct":"false","isMsrcFilterParameterized":"false","isMsrcSortParameterized":"false","objectParameterized":"false","visible":"false","originalPath":"SQ_TRF_RHELP_PART_STANDARD_COST"},"sourceConnectionId":"@8IjhIQo30mReUltU9dHTYW","newFlatFile":false,"newObject":false,"showBusinessNames":false,"naturalOrder":true,"truncateTarget":false,"bulkApiDBTarget":false,"customFuncCfg":{"@type":"customFuncConfig","id":-1,"connections":[],"inputMap":[],"outputFields":[]},"targetRefsV2":{},"targetUpdateColumns":[],"extendedObject":{"@type":"extendedObject","object":{"@type":"mObject","name":"TRF_RHELP_PART_STANDARD_COST","label":"TRF_RHELP_PART_STANDARD_COST","metadataUpdated":false,"relations":[],"children":[]},"singleMode":true,"objects":[{"@type":"mObject","name":"TRF_RHELP_PART_STANDARD_COST","label":"TRF_RHELP_PART_STANDARD_COST","metadataUpdated":false,"relations":[],"children":[]}],"filters":[],"sortFields":[]},"runtimeAttrs":{},"oprRuntimeAttrs":{"interimDirectory":"","FieldDelimiter":"0x1e","OnPrePostSQLError":"Continue","PostSQL":"","BlobPartSize":"8","TableName":"","PreSQL":"","ContainerName":"","QuoteChar":"0x1f","FileSystemName":"ippmprx-stage-iics","SchemaName":"","ConcurrentBlobConnections":"4","SQLOverride":""},"isRESTModernSource":true,"isFileList":false,"handleSpecialChars":false,"handleDecimalRoundOff":false,"frsAsset":false,"dynamicFileName":false,"excludeDynamicFileNameField":false,"currentlyProcessedFileName":false,"retainFieldMetadata":false,"useExactSrcNames":false,"userUpdated":true,"fetchMode":"ORIGINAL","tgtObjectAttributes":{},"runtimeParameterData":{"@type":"mtTaskRuntimeParameterData","isConnectionRuntimeParameter":false,"isObjectRuntimeParameter":false},"overridableProperties":[],"overriddenFields":[]},{"@type":"mtTaskParameter","id":881254423,"name":"$TRF_COST_CENTRAL$","type":"TARGET","label":"TRF_COST_CENTRAL","uiProperties":{"connectionParameterized":"false","objectParameterized":"false","visible":"false","defaultTargetUpdateColumns":"","supportApplyDDLChanges":"false","originalPath":"TRF_COST_CENTRAL"},"targetConnectionId":"@8IjhIQo30mReUltU9dHTYW","targetObject":"TRF_COST_CENTRAL_BKP_07_02_24","targetObjectLabel":"TRF_COST_CENTRAL_BKP_07_02_24","newFlatFile":false,"newObject":false,"showBusinessNames":false,"naturalOrder":true,"truncateTarget":false,"bulkApiDBTarget":false,"operationType":"Insert","customFuncCfg":{"@type":"customFuncConfig","id":-1,"connections":[],"inputMap":[],"outputFields":[]},"targetRefsV2":{},"targetUpdateColumns":[],"extendedObject":{"@type":"extendedObject","singleMode":true,"filters":[],"sortFields":[]},"runtimeAttrs":{},"isRESTModernSource":true,"isFileList":false,"handleSpecialChars":false,"handleDecimalRoundOff":false,"frsAsset":false,"dynamicFileName":false,"excludeDynamicFileNameField":false,"currentlyProcessedFileName":false,"retainFieldMetadata":false,"objectName":"TRF_COST_CENTRAL_BKP_07_02_24","objectLabel":"TRF_COST_CENTRAL_BKP_07_02_24","useExactSrcNames":false,"userUpdated":true,"fetchMode":"ORIGINAL","tgtObjectAttributes":{},"runtimeParameterData":{"@type":"mtTaskRuntimeParameterData","isConnectionRuntimeParameter":false,"isObjectRuntimeParameter":false},"overridableProperties":[],"overriddenFields":[]},{"@type":"mtTaskParameter","id":881254424,"name":"$LKP_SURCHARGES_PARTSLINQ_STANDARD_SCOS$","type":"LOOKUP","label":"LKP_SURCHARGES_PARTSLINQ_STANDARD_SCOS","uiProperties":{"connectionParameterized":"false","isCachedLookup":"true","multipleMatchPolicy":"Use All Values","objectParameterized":"false","visible":"false","originalPath":"LKP_SURCHARGES_PARTSLINQ_STANDARD_SCOS"},"lookupConnectionId":"@8IjhIQo30mReUltU9dHTYW","lookupObject":"DUMMY_LKP_SURCHARGES_PARTSLINQ_STANDARD_SCOS","newFlatFile":false,"newObject":false,"showBusinessNames":false,"naturalOrder":true,"truncateTarget":false,"bulkApiDBTarget":false,"customFuncCfg":{"@type":"customFuncConfig","id":-1,"connections":[],"inputMap":[],"outputFields":[]},"targetRefsV2":{},"targetUpdateColumns":[],"runtimeAttrs":{"Cache File Name Prefix":"","Lookup Index Cache Size":"AUTO","Optional":"true","Lookup cache persistent":"false","Lookup source is static":"false","Case Sensitive String Comparison":"false","Re-cache from lookup source":"false","Insert Else Update":"false","Lookup caching enabled":"true","Lookup Data Cache Size":"AUTO","Tracing Level":"Normal","Sorted Input":"false","Lookup cache directory name":"$PMCacheDir","Output Old Value On Update":"false","Dynamic Lookup Cache":"false","Pre-build lookup cache":"AUTO","Null ordering":"Null is Highest Value"},"isRESTModernSource":true,"customQuery":"select\n PC.PART_PREFIX ,\n cast(concat(S.YEAR , '0101' ) as int) as S_START_DATE,\n cast(concat(S.YEAR , '1231' ) as int) as S_END_DATE,\n CAST(cast( avg( cast(replace(replace( CASE WHEN (S.TOTAL_OUTGOING_SURCHARGE = '') THEN '0,0%'\n ELSE S.TOTAL_OUTGOING_SURCHARGE END, '%', ''), ',', '.') as numeric(18,5)) / 100 ) as numeric(38,6) ) AS numeric(38,10)) as AVG_OUTBOUND_SC\n from\n ippmprx_dm.STOV_IPPMPRX_DWHU_SURCHARGES_ACT S\n inner join ippmprx_dm.TRF_DWHU_PREFIX_COMPANY PC on\n S.PRODUCT_COMPANY = PC.PRODUCT_COMPANY\n where\n S.MARKET <> 'DEFAULT'\n and S.RECORD_STATUS <> 'D'\ngroup by\nPART_PREFIX,\n\"YEAR\"","isFileList":false,"handleSpecialChars":false,"handleDecimalRoundOff":false,"frsAsset":false,"dynamicFileName":false,"excludeDynamicFileNameField":false,"currentlyProcessedFileName":false,"retainFieldMetadata":false,"objectName":"DUMMY_LKP_SURCHARGES_PARTSLINQ_STANDARD_SCOS","useExactSrcNames":false,"userUpdated":true,"fetchMode":"ORIGINAL","tgtObjectAttributes":{},"runtimeParameterData":{"@type":"mtTaskRuntimeParameterData","isConnectionRuntimeParameter":false,"isObjectRuntimeParameter":false},"overridableProperties":[],"overriddenFields":[]},{"@type":"mtTaskParameter","id":881254425,"name":"$LKP_SURCHARGES_RHELP_STANDARD_SCOS$","type":"LOOKUP","label":"LKP_SURCHARGES_RHELP_STANDARD_SCOS","uiProperties":{"connectionParameterized":"false","isCachedLookup":"true","multipleMatchPolicy":"Use All Values","objectParameterized":"false","visible":"false","originalPath":"LKP_SURCHARGES_RHELP_STANDARD_SCOS"},"lookupConnectionId":"@8IjhIQo30mReUltU9dHTYW","lookupObject":"DUMMY_LKP_SURCHARGES_RHELP_STANDARD_SCOS","newFlatFile":false,"newObject":false,"showBusinessNames":false,"naturalOrder":true,"truncateTarget":false,"bulkApiDBTarget":false,"customFuncCfg":{"@type":"customFuncConfig","id":-1,"connections":[],"inputMap":[],"outputFields":[]},"targetRefsV2":{},"targetUpdateColumns":[],"runtimeAttrs":{"Cache File Name Prefix":"","Lookup Index Cache Size":"AUTO","Optional":"true","Lookup cache persistent":"false","Lookup source is static":"false","Case Sensitive String Comparison":"false","Re-cache from lookup source":"false","Insert Else Update":"false","Lookup caching enabled":"true","Lookup Data Cache Size":"AUTO","Tracing Level":"Normal","Sorted Input":"false","Lookup cache directory name":"$PMCacheDir","Output Old Value On Update":"false","Dynamic Lookup Cache":"false","Pre-build lookup cache":"AUTO","Null ordering":"Null is Highest Value"},"isRESTModernSource":true,"customQuery":"select\n PC.PART_PREFIX as PART_PREFIX_S,\n cast(concat(S.YEAR , '0101' ) as int) as S_START_DATE,\n cast(concat(S.YEAR , '1231' ) as int) as S_END_DATE,\n CAST(cast( avg( cast(replace(replace( CASE WHEN (S.TOTAL_OUTGOING_SURCHARGE = '') THEN '0,0%'\n ELSE S.TOTAL_OUTGOING_SURCHARGE END, '%', ''), ',', '.') as numeric(18,5)) / 100 ) as numeric(38,6) ) AS numeric(38,10)) as AVG_OUTBOUND_SC\n from\n ippmprx_dm.STOV_IPPMPRX_DWHU_SURCHARGES_ACT S\n inner join ippmprx_dm.TRF_DWHU_PREFIX_COMPANY PC on\n S.PRODUCT_COMPANY = PC.PRODUCT_COMPANY\n where\n S.MARKET <> 'DEFAULT'\n and S.RECORD_STATUS <> 'D'\ngroup by\nPART_PREFIX,\n\"YEAR\"","isFileList":false,"handleSpecialChars":false,"handleDecimalRoundOff":false,"frsAsset":false,"dynamicFileName":false,"excludeDynamicFileNameField":false,"currentlyProcessedFileName":false,"retainFieldMetadata":false,"objectName":"DUMMY_LKP_SURCHARGES_RHELP_STANDARD_SCOS","useExactSrcNames":false,"userUpdated":true,"fetchMode":"ORIGINAL","tgtObjectAttributes":{},"runtimeParameterData":{"@type":"mtTaskRuntimeParameterData","isConnectionRuntimeParameter":false,"isObjectRuntimeParameter":false},"overridableProperties":[],"overriddenFields":[]}],"sequences":[],"inOutParameters":[],"connRuntimeAttrs":[]}]