[{"@type":"mappingTemplate","id":"@1","name":"m_Brewer_Setting_reg","description":"","bundleVersion":"0","assetFrsGuid":"2ERyPlTTaWCb3IqASOZ8AI","templateId":"@3","deployTime":1715589526000,"hasParameters":false,"valid":true,"fixedConnection":true,"hasParametersDeployed":false,"fixedConnectionDeployed":true,"isSchemaValidationEnabled":false,"tasks":1,"mappingPreviewFileRecordId":"@2","documentType":"MAPPING","references":[{"@type":"reference","refObjectId":"@h95fARPThYPfk7MnZjh448","refType":"connection"},{"@type":"reference","refObjectId":"@cRPWinSW5gPcbneKpVkV25","refType":"connection"}]}]