[{"@type":"drsTask","id":"@1","name":"Replication Task1","maxLogs":10,"sourceConnectionId":"@3kfd3T0B7bedb9nbTpBIy6","targetConnectionId":"@5UVqEk6cH6ycOg4RivViI8","tablePrefix":"FF_","verbose":false,"fullRefresh":true,"replicateAllObjects":false,"removeDeleted":true,"queryAll":false,"srcShowLabels":true,"maxRows":0,"stopOnError":true,"replicationObjects":["AIApplication"],"excludedReplicationObjects":[],"majorUpdateTime":1628222614000,"metadataMode":0,"bulkApi":false,"base64BodySize":0.0,"bulkApiDBTarget":false,"fieldExclusions":[],"filters":[],"advancedFilters":[],"srcRuntimeAttrs":{"@type":"taskRuntimeAttrs","attrs":{"PK Chunking size":"100000","Enable PK Chunking":"0","PK Chunking startRow ID":""}}}]