[{"@type":"mappingTemplate","id":"@1","name":"m_mapping_java","description":"","bundleVersion":"0","assetFrsGuid":"8U85ufYgbgciha0XBRTIsM","templateId":"@3","deployTime":1688980935000,"hasParameters":false,"valid":true,"fixedConnection":true,"hasParametersDeployed":false,"fixedConnectionDeployed":true,"isSchemaValidationEnabled":false,"tasks":1,"mappingPreviewFileRecordId":"@2","documentType":"MAPPING","references":[{"@type":"reference","refObjectId":"@hmYm7fGPyqhkaSSwIfIZ4R","refType":"connection"}]}]