[{"@type":"mappingTemplate","id":"@1","name":"a","description":"","bundleVersion":"0","assetFrsGuid":"fP7ZqT1gBUgbjIhkaVOl4N","templateId":"@3","deployTime":1690545530000,"hasParameters":false,"valid":true,"fixedConnection":true,"hasParametersDeployed":false,"fixedConnectionDeployed":true,"isSchemaValidationEnabled":false,"tasks":1,"mappingPreviewFileRecordId":"@2","references":[{"@type":"reference","refObjectId":"@51UyzQYBweyf9qGm58cfyh","refType":"connection"},{"@type":"reference","refObjectId":"@fMAgrg44uWJeGqLiV0Pzch","refType":"hschema"}]}]