[{"@type":"mappingTemplate","id":"@1","name":"m_oracle_ADLS_Precision_issue","description":"","bundleVersion":"0","assetFrsGuid":"9K0Llgd6o2gf4316rrX4Gp","templateId":"@3","deployTime":1713815505000,"hasParameters":false,"valid":true,"fixedConnection":true,"hasParametersDeployed":false,"fixedConnectionDeployed":true,"isSchemaValidationEnabled":false,"tasks":1,"mappingPreviewFileRecordId":"@2","documentType":"MAPPING","references":[{"@type":"reference","refObjectId":"@151yodvFzizjIBjnWIYc6W","refType":"connection"},{"@type":"reference","refObjectId":"@5cizeagC1Vlflhveh8GYsq","refType":"connection"}]}]