[{"@type":"mappingTemplate","id":"@1","name":"02835392_Postgresql","description":"","bundleVersion":"0","assetFrsGuid":"8rZnS0m6m6elHR62sXLxiz","templateId":"@3","deployTime":1641360108000,"hasParameters":false,"valid":true,"fixedConnection":true,"hasParametersDeployed":false,"fixedConnectionDeployed":true,"isSchemaValidationEnabled":false,"tasks":2,"mappingPreviewFileRecordId":"@2","documentType":"MAPPING","references":[{"@type":"reference","refObjectId":"@esp7628MgSZimzTcFuKlos","refType":"connection"},{"@type":"reference","refObjectId":"@dhxPYGRJSEyhAi0Op6p1eI","refType":"connection"}]}]