[{"@type":"mtTask","id":"@1","name":"s_m_claims_WINS_VolumeGeneration","description":"Workflow for WINS Volume Generation","runtimeEnvironmentId":"@5ot5VgMuwdkkoV9Idm4nuk","maxLogs":10,"verbose":false,"mappingId":"@8jlSwctYkMvhbbE09IQ6kD","frsGuid":"8dWghkn4j2dkwPV0AEX6Oa","shortDescription":"Workflow for WINS Volume Generation","sessionPropertiesList":[{"name":"Allow Temporary Sequence for Pushdown","value":"NO","recommended":false},{"name":"Allow Temporary View for Pushdown","value":"NO","recommended":false},{"name":"Data Column Delimiter","value":"|","recommended":false},{"name":"Error Log File Name","value":"PMError.log","recommended":false},{"name":"Pushdown Optimization","value":"None","recommended":false}],"hidden":false,"enableCrossSchemaPushdown":false,"enableParallelRun":false,"autoTunedApplied":false,"autoTunedAppliedType":"NONE","paramFileType":"PARAM_FILE_LOCAL","schemaMode":"async","valid":true,"schemaValidationErrorCount":-1,"serverlessProperties":{},"taskProperties":[{"@type":"taskProperty","name":"parameterFileDir","currentValue":"","type":"STRING","label":"label.parameterFileDir","required":false},{"@type":"taskProperty","name":"parameterFileName","currentValue":"","type":"STRING","label":"label.parameterFileName","required":false},{"@type":"taskProperty","name":"outboundMessageUrlQueueTime","currentValue":"","type":"NUMBER","label":"label.outboundMessageUrlQueueTime","required":false},{"@type":"taskProperty","name":"outboundMessageUrlToken","currentValue":"","type":"STRING","label":"label.outboundMessageUrlToken","required":false}],"isMidstreamPreview":false,"parameters":[{"@type":"mtTaskParameter","id":468075913,"name":"$SQ_WINS_CLAIMS_VOLUME$","type":"SOURCE","label":"SQ_WINS_CLAIMS_VOLUME","uiProperties":{"connectionParameterized":"false","isSelectDistinct":"false","objectParameterized":"false","visible":"false","flags":"SUPPORTS_MULTI_SCHEMA","originalPath":"SQ_WINS_CLAIMS_VOLUME"},"sourceConnectionId":"@fYCTHTSc6eDf0kntVhq96Q","sourceObject":"DUMMY_SQ_WINS_CLAIMS_VOLUME","newFlatFile":false,"newObject":false,"showBusinessNames":false,"naturalOrder":true,"truncateTarget":false,"bulkApiDBTarget":false,"customFuncCfg":{"@type":"customFuncConfig","id":-1,"connections":[],"inputMap":[],"outputFields":[]},"targetRefsV2":{},"targetUpdateColumns":[],"runtimeAttrs":{},"isRESTModernSource":true,"customQuery":"/* Formatted on 9/11/2019 11:06:05 AM (QP5 v5.287) */\nSELECT DISTINCT CC_CLAIM.CLAIMNUMBER, CC_CLAIM.ID FROM CC_CLAIM \n\n/*JOIN WINS_CLAIMS_FILTER_DAILY ON WINS_CLAIMS_FILTER_DAILY.CLAIMNUMBER = CC_CLAIM.CLAIMNUMBER AND CC_CLAIM.RETIRED = 0 WHERE WINS_CLAIMS_FILTER_DAILY.FREQUENCY = 'DAILY' AND WINS_CLAIMS_FILTER_DAILY.SEGMENT_TYPE = 'MERGE_SEGMENTS'*/","isFileList":false,"handleSpecialChars":false,"handleDecimalRoundOff":false,"frsAsset":false,"dynamicFileName":false,"excludeDynamicFileNameField":false,"currentlyProcessedFileName":false,"retainFieldMetadata":false,"objectName":"DUMMY_SQ_WINS_CLAIMS_VOLUME","useExactSrcNames":false,"userUpdated":true,"fetchMode":"ORIGINAL","tgtObjectAttributes":{},"runtimeParameterData":{"@type":"mtTaskRuntimeParameterData","isConnectionRuntimeParameter":false,"isObjectRuntimeParameter":false},"overridableProperties":[],"overriddenFields":[]},{"@type":"mtTaskParameter","id":468075916,"name":"$Shortcut_to_WINS_DAILY_CLAIMS_FEED$","type":"TARGET","label":"Shortcut_to_WINS_DAILY_CLAIMS_FEED","uiProperties":{"connectionParameterized":"false","objectParameterized":"false","visible":"false","defaultTargetUpdateColumns":"","supportApplyDDLChanges":"false","originalPath":"Shortcut_to_WINS_DAILY_CLAIMS_FEED"},"targetConnectionId":"@2nx1B7sNRlXexyIQxn2H0r","targetObject":"tgt_wins_claims_volume.out","targetObjectLabel":"tgt_wins_claims_volume.out","newFlatFile":false,"newObject":false,"showBusinessNames":false,"naturalOrder":true,"truncateTarget":false,"bulkApiDBTarget":false,"operationType":"Insert","tgtFFAttrs":{"@type":"flatFileAttrs","id":54975721,"delimiter":",","textQualifier":"\"","escapeChar":"","headerLineNo":1,"rowDelimiter":0,"consecutiveDelimiter":false,"multiDelimitersAsAnd":true,"fwConfigId":"@jDtwbZfKs8ik0qQX0mqNKU"},"customFuncCfg":{"@type":"customFuncConfig","id":-1,"connections":[],"inputMap":[],"outputFields":[]},"targetRefsV2":{},"targetUpdateColumns":[],"extendedObject":{"@type":"extendedObject","singleMode":true,"filters":[],"sortFields":[]},"runtimeAttrs":{},"isRESTModernSource":true,"isFileList":false,"handleSpecialChars":false,"handleDecimalRoundOff":false,"frsAsset":false,"dynamicFileName":false,"excludeDynamicFileNameField":false,"currentlyProcessedFileName":false,"retainFieldMetadata":false,"objectName":"tgt_wins_claims_volume.out","objectLabel":"tgt_wins_claims_volume.out","useExactSrcNames":false,"userUpdated":true,"fetchMode":"ORIGINAL","tgtObjectAttributes":{},"runtimeParameterData":{"@type":"mtTaskRuntimeParameterData","isConnectionRuntimeParameter":false,"isObjectRuntimeParameter":false},"overridableProperties":[],"overriddenFields":[]},{"@type":"mtTaskParameter","id":468075919,"name":"$LKP_ASSIGNED_USER$","type":"LOOKUP","label":"LKP_ASSIGNED_USER","uiProperties":{"connectionParameterized":"false","multipleMatchPolicy":"Use Any Value","objectParameterized":"false","visible":"false","flags":"SUPPORTS_MULTI_SCHEMA","originalPath":"LKP_ASSIGNED_USER"},"lookupConnectionId":"@fYCTHTSc6eDf0kntVhq96Q","lookupObject":"DUMMY_LKP_ASSIGNED_USER","newFlatFile":false,"newObject":false,"showBusinessNames":false,"naturalOrder":true,"truncateTarget":false,"bulkApiDBTarget":false,"customFuncCfg":{"@type":"customFuncConfig","id":-1,"connections":[],"inputMap":[],"outputFields":[]},"targetRefsV2":{},"targetUpdateColumns":[],"runtimeAttrs":{"Cache File Name Prefix":"","Lookup Index Cache Size":"AUTO","Optional":"true","Lookup cache persistent":"false","Lookup source is static":"false","Lookup Sql Override":"","Re-cache from lookup source":"false","Insert Else Update":"false","Lookup caching enabled":"false","Lookup Data Cache Size":"AUTO","Tracing Level":"Normal","Subsecond Precision":"6","Lookup cache directory name":"$PMCacheDir","Output Old Value On Update":"false","Lookup Source Filter":"","Dynamic Lookup Cache":"false","Pre-build lookup cache":"AUTO","Synchronize dynamic cache":"false"},"isRESTModernSource":true,"customQuery":"SELECT CC_USER.NW_NWAGEXAMINERID AS EXAMNR, CC_CLAIM.ID AS CLAIMID\n  FROM $$Schema_CC.CC_CLAIM\n       JOIN $$Schema_BUCLM.WINS_CLAIMS_FILTER_DAILY\n          ON     WINS_CLAIMS_FILTER_DAILY.CLAIMNUMBER = CC_CLAIM.CLAIMNUMBER\n             AND CC_CLAIM.RETIRED = 0\n       JOIN $$Schema_CC.CC_USER\n          ON CC_CLAIM.ASSIGNEDUSERID = CC_USER.ID AND CC_USER.RETIRED = 0","isFileList":false,"handleSpecialChars":false,"handleDecimalRoundOff":false,"frsAsset":false,"dynamicFileName":false,"excludeDynamicFileNameField":false,"currentlyProcessedFileName":false,"retainFieldMetadata":false,"objectName":"DUMMY_LKP_ASSIGNED_USER","useExactSrcNames":false,"userUpdated":true,"fetchMode":"ORIGINAL","tgtObjectAttributes":{},"runtimeParameterData":{"@type":"mtTaskRuntimeParameterData","isConnectionRuntimeParameter":false,"isObjectRuntimeParameter":false},"overridableProperties":[],"overriddenFields":[]}],"sequences":[],"inOutParameters":[{"@type":"mtTaskInOutParameter","id":"-1","name":"Schema_BUCLM","description":"","initialValue":"","datatype":"STRING","precision":"30","scale":"0","retentionPolicy":"NEVER","aggregationType":"MAX","currentValue":"BUCLM_ADAPTERDB7"},{"@type":"mtTaskInOutParameter","id":"-1","name":"Schema_CLM","description":"","initialValue":"","datatype":"STRING","precision":"30","scale":"0","retentionPolicy":"NEVER","aggregationType":"MAX","currentValue":"CLM_ADAPTERDB7"},{"@type":"mtTaskInOutParameter","id":"-1","name":"Schema_CC","description":"","initialValue":"","datatype":"STRING","precision":"30","scale":"0","retentionPolicy":"NEVER","aggregationType":"MAX","currentValue":"CLAIMCENTER7"}],"connRuntimeAttrs":[]}]