[{"@type":"mappingTemplate","id":"@1","name":"Hare_mappingex1","description":"","bundleVersion":"0","assetFrsGuid":"8NzQzJ8R0ClgCKC0XpXYsb","templateId":"@3","deployTime":1658995684000,"hasParameters":false,"valid":true,"fixedConnection":true,"hasParametersDeployed":false,"fixedConnectionDeployed":true,"isSchemaValidationEnabled":false,"tasks":1,"mappingPreviewFileRecordId":"@2","documentType":"MAPPING","references":[{"@type":"reference","refObjectId":"@bWL6nn0fEYGeZk48KbgwAQ","refType":"connection"},{"@type":"reference","refObjectId":"@iTEElhrzwcSi1zJgwcWAo9","refType":"connection"}]}]