[{"@type":"dssTask","id":"@1","name":"Synchronization Task1","description":"","maxLogs":10,"sourceConnectionId":"@hmYm7fGPyqhkaSSwIfIZ4R","targetConnectionId":"@hmYm7fGPyqhkaSSwIfIZ4R","targetObject":"newTarget.csv","targetObjectLabel":"newTarget.csv","operation":"Insert","maxRows":0,"truncateTarget":false,"bulkApiDBTarget":false,"verbose":false,"srcFlatFileAttrs":{"@type":"flatFileAttrs","id":54978889,"delimiter":",","textQualifier":"\"","escapeChar":"","headerLineNo":1,"firstDataRow":2,"rowDelimiter":0,"consecutiveDelimiter":false,"multiDelimitersAsAnd":true,"firstDataRowAsHeader":false},"tgtFlatFileAttrs":{"@type":"flatFileAttrs","id":54978892,"delimiter":",","textQualifier":"\"","escapeChar":"","headerLineNo":1,"firstDataRow":2,"rowDelimiter":0,"consecutiveDelimiter":false,"multiDelimitersAsAnd":true,"firstDataRowAsHeader":false},"targetMetadataUpdated":false,"modelVersion":"V3-R600","queryAll":false,"srcSettings":{"@type":"taskDataSourceSetting","isShowLabels":false,"isNaturalOrder":true},"tgtSettings":{"@type":"taskDataSourceSetting","isShowLabels":false,"isNaturalOrder":true},"cfSettings":{"@type":"taskDataSourceSetting","isShowLabels":false,"isNaturalOrder":false},"bulkApi":false,"bulkApiSerialMode":false,"bulkApiMonitor":false,"isTargetObjectSfCustom":false,"allowNullUpdates":false,"targetBatchSize":200,"assignmentRuleId":"-1","assignmentRuleType":"None","createSuccessFile":false,"bulkApiHardDelete":false,"parameterFileEncoding":"UTF-8","serverlessProperties":{},"sourceObjects":[{"@type":"mObject","name":"source_udf.csv","label":"source_udf.csv","metadataUpdated":false,"relations":[],"children":[]}],"advancedFilters":[],"filters":[],"fieldMaps":[{"@type":"fieldMap","id":"70488877","targetField":{"@type":"field","id":237749986,"name":"id","type":"nstring","uniqueName":"id","label":"id","parentObject":"newTarget.csv","pcType":"UNISTRING","precision":255,"scale":0,"columnIndex":0,"isKey":false,"isWaterMarkKey":false,"isExternalId":false,"isSfIdLookup":false,"isNullable":true,"isUnique":false,"isCreateable":false,"isUpdateable":true,"isFilterable":true,"isCalculated":false,"filterType":"STRING","showLabel":false,"naturalOrder":0,"typeConfigFields":[],"typeConfigProperties":{},"linkedFields":["id"],"relatedInfos":[],"references":[]},"expression":"id"},{"@type":"fieldMap","id":"70488880","targetField":{"@type":"field","id":237749989,"name":"roll","type":"nstring","uniqueName":"roll","label":"roll","parentObject":"newTarget.csv","pcType":"UNISTRING","precision":255,"scale":0,"columnIndex":1,"isKey":false,"isWaterMarkKey":false,"isExternalId":false,"isSfIdLookup":false,"isNullable":true,"isUnique":false,"isCreateable":false,"isUpdateable":true,"isFilterable":true,"isCalculated":false,"filterType":"STRING","showLabel":false,"naturalOrder":0,"typeConfigFields":[],"typeConfigProperties":{},"linkedFields":["roll"],"relatedInfos":[],"references":[]},"expression":"roll"},{"@type":"fieldMap","id":"70488883","targetField":{"@type":"field","id":237749992,"name":"name","type":"nstring","uniqueName":"name","label":"name","parentObject":"newTarget.csv","pcType":"UNISTRING","precision":255,"scale":0,"columnIndex":2,"isKey":false,"isWaterMarkKey":false,"isExternalId":false,"isSfIdLookup":false,"isNullable":true,"isUnique":false,"isCreateable":false,"isUpdateable":true,"isFilterable":true,"isCalculated":false,"filterType":"STRING","showLabel":false,"naturalOrder":0,"typeConfigFields":[],"typeConfigProperties":{},"linkedFields":["name"],"relatedInfos":[],"references":[]},"expression":"name"},{"@type":"fieldMap","id":"70488886","targetField":{"@type":"field","id":237749995,"name":"city","type":"nstring","uniqueName":"city","label":"city","parentObject":"newTarget.csv","pcType":"UNISTRING","precision":255,"scale":0,"columnIndex":3,"isKey":false,"isWaterMarkKey":false,"isExternalId":false,"isSfIdLookup":false,"isNullable":true,"isUnique":false,"isCreateable":false,"isUpdateable":true,"isFilterable":true,"isCalculated":false,"filterType":"STRING","showLabel":false,"naturalOrder":0,"typeConfigFields":[],"typeConfigProperties":{},"linkedFields":["city"],"relatedInfos":[],"references":[]},"expression":"city"},{"@type":"fieldMap","id":"70488889","targetField":{"@type":"field","id":237749998,"name":"salary","type":"nstring","uniqueName":"salary","label":"salary","parentObject":"newTarget.csv","pcType":"UNISTRING","precision":255,"scale":0,"columnIndex":4,"isKey":false,"isWaterMarkKey":false,"isExternalId":false,"isSfIdLookup":false,"isNullable":true,"isUnique":false,"isCreateable":false,"isUpdateable":true,"isFilterable":true,"isCalculated":false,"filterType":"STRING","showLabel":false,"naturalOrder":0,"typeConfigFields":[],"typeConfigProperties":{},"linkedFields":["salary"],"relatedInfos":[],"references":[]},"expression":"salary"}],"sourceFields":[{"@type":"field","id":237750001,"name":"id","type":"nstring","uniqueName":"id","label":"id","parentObject":"source_udf.csv","pcType":"UNISTRING","precision":255,"scale":0,"columnIndex":0,"isKey":false,"isWaterMarkKey":false,"isExternalId":false,"isSfIdLookup":false,"isNullable":true,"isUnique":false,"isCreateable":false,"isUpdateable":true,"isFilterable":true,"isCalculated":false,"filterType":"STRING","showLabel":false,"naturalOrder":0,"typeConfigFields":[],"typeConfigProperties":{},"linkedFields":["id"],"relatedInfos":[],"references":[]},{"@type":"field","id":237750004,"name":"roll","type":"nstring","uniqueName":"roll","label":"roll","parentObject":"source_udf.csv","pcType":"UNISTRING","precision":255,"scale":0,"columnIndex":1,"isKey":false,"isWaterMarkKey":false,"isExternalId":false,"isSfIdLookup":false,"isNullable":true,"isUnique":false,"isCreateable":false,"isUpdateable":true,"isFilterable":true,"isCalculated":false,"filterType":"STRING","showLabel":false,"naturalOrder":0,"typeConfigFields":[],"typeConfigProperties":{},"linkedFields":["roll"],"relatedInfos":[],"references":[]},{"@type":"field","id":237750007,"name":"name","type":"nstring","uniqueName":"name","label":"name","parentObject":"source_udf.csv","pcType":"UNISTRING","precision":255,"scale":0,"columnIndex":2,"isKey":false,"isWaterMarkKey":false,"isExternalId":false,"isSfIdLookup":false,"isNullable":true,"isUnique":false,"isCreateable":false,"isUpdateable":true,"isFilterable":true,"isCalculated":false,"filterType":"STRING","showLabel":false,"naturalOrder":0,"typeConfigFields":[],"typeConfigProperties":{},"linkedFields":["name"],"relatedInfos":[],"references":[]},{"@type":"field","id":237750010,"name":"city","type":"nstring","uniqueName":"city","label":"city","parentObject":"source_udf.csv","pcType":"UNISTRING","precision":255,"scale":0,"columnIndex":3,"isKey":false,"isWaterMarkKey":false,"isExternalId":false,"isSfIdLookup":false,"isNullable":true,"isUnique":false,"isCreateable":false,"isUpdateable":true,"isFilterable":true,"isCalculated":false,"filterType":"STRING","showLabel":false,"naturalOrder":0,"typeConfigFields":[],"typeConfigProperties":{},"linkedFields":["city"],"relatedInfos":[],"references":[]},{"@type":"field","id":237750013,"name":"salary","type":"nstring","uniqueName":"salary","label":"salary","parentObject":"source_udf.csv","pcType":"UNISTRING","precision":255,"scale":0,"columnIndex":4,"isKey":false,"isWaterMarkKey":false,"isExternalId":false,"isSfIdLookup":false,"isNullable":true,"isUnique":false,"isCreateable":false,"isUpdateable":true,"isFilterable":true,"isCalculated":false,"filterType":"STRING","showLabel":false,"naturalOrder":0,"typeConfigFields":[],"typeConfigProperties":{},"linkedFields":["salary"],"relatedInfos":[],"references":[]}],"sortFields":[],"groupFields":[]}]