[{"@type":"mappingTemplate","id":"@1","name":"m_13","description":"","bundleVersion":"0","assetFrsGuid":"2UqLEfo2yy7knlxsqTgKsU","templateId":"@3","deployTime":1728631141000,"hasParameters":false,"valid":true,"fixedConnection":true,"hasParametersDeployed":false,"fixedConnectionDeployed":true,"isSchemaValidationEnabled":false,"tasks":1,"mappingPreviewFileRecordId":"@2","documentType":"MAPPING","references":[{"@type":"reference","refObjectId":"@3C07RwmpmEtkxKLhHGKbQR","refType":"connection"},{"@type":"reference","refObjectId":"@2qXuGtgE4LakKmjU2lJnaJ","refType":"connection"}]}]