[{"@type":"drsTask","id":"@1","name":"Replication Task","maxLogs":10,"sourceConnectionId":"@2w5GfyxVtELj6qK5wgWJQN","targetConnectionId":"@7WIdOxt4fi9cbrxd3liMS4","tablePrefix":"SF_","verbose":false,"fullRefresh":true,"replicateAllObjects":true,"removeDeleted":true,"queryAll":false,"srcShowLabels":true,"maxRows":0,"stopOnError":true,"replicationObjects":["Account"],"excludedReplicationObjects":[],"majorUpdateTime":1644918691000,"metadataMode":0,"bulkApi":false,"base64BodySize":0.0,"bulkApiDBTarget":false,"fieldExclusions":[],"filters":[],"advancedFilters":[],"srcRuntimeAttrs":{"@type":"taskRuntimeAttrs","attrs":{"PK Chunking size":"100000","Enable PK Chunking":"0","PK Chunking startRow ID":""}}}]