[{"@type":"mappingTemplate","id":"@1","name":"m_Florence_Org_Dim_Load_011","description":"","bundleVersion":"0","assetFrsGuid":"dapnVpEijWGfHzKwDMhGA2","templateId":"@3","deployTime":1673255869000,"hasParameters":false,"valid":true,"fixedConnection":true,"hasParametersDeployed":false,"fixedConnectionDeployed":true,"isSchemaValidationEnabled":false,"tasks":1,"mappingPreviewFileRecordId":"@2","documentType":"","references":[{"@type":"reference","refObjectId":"@3PZdksEs18vkVc0UA0ieKw","refType":"connection"},{"@type":"reference","refObjectId":"@7fyZrNe0JKYeyOxfa8Qlas","refType":"connection"}]}]