[{"@type":"mappingTemplate","id":"@1","name":"m_claims_WINS_VolumeGeneration","description":"","bundleVersion":"0","assetFrsGuid":"8jlSwctYkMvhbbE09IQ6kD","templateId":"@3","deployTime":1647007649000,"hasParameters":false,"valid":true,"fixedConnection":true,"hasParametersDeployed":false,"fixedConnectionDeployed":true,"isSchemaValidationEnabled":false,"tasks":2,"mappingPreviewFileRecordId":"@2","documentType":"","references":[{"@type":"reference","refObjectId":"@2nx1B7sNRlXexyIQxn2H0r","refType":"connection"},{"@type":"reference","refObjectId":"@fYCTHTSc6eDf0kntVhq96Q","refType":"connection"},{"@type":"reference","refObjectId":"@jDtwbZfKs8ik0qQX0mqNKU","refType":"fwConfig"}]}]