[{"@type":"mappingTemplate","id":"@1","name":"VG_AZURE_Mapping268","description":"","bundleVersion":"0","assetFrsGuid":"gwVwHJgMKY8hImEqaUhZ43","templateId":"@3","deployTime":1678268201000,"hasParameters":false,"valid":true,"fixedConnection":true,"hasParametersDeployed":false,"fixedConnectionDeployed":true,"isSchemaValidationEnabled":false,"tasks":1,"mappingPreviewFileRecordId":"@2","documentType":"MAPPING","references":[{"@type":"reference","refObjectId":"@5Yo8rpknjLcg1JxiardQcJ","refType":"connection"},{"@type":"reference","refObjectId":"@8ekdWuB9rCzim92rpoC78t","refType":"connection"}]}]