[{"@type":"fwConfig","id":"@1","name":"FW_m_claims_WINS_VolumeGenerationShortcut_to_WINS_DAILY_CLAIMS_FEED","description":"","lineSequential":false,"padBytes":1,"skipRows":0,"nullChar":"*","nullCharType":"ASCII","repeatNullChar":false,"stripTrailingBlank":false,"columns":[{"@type":"fwColumn","name":"DFCQCLMSTS_CLAIM","nativeType":"string","precision":8,"physicalLength":0,"scale":0},{"@type":"fwColumn","name":"DFCQCLMSTS_POLICY","nativeType":"string","precision":10,"physicalLength":0,"scale":0},{"@type":"fwColumn","name":"DFCQCLMSTS_STSOBJID","nativeType":"string","precision":16,"physicalLength":0,"scale":0},{"@type":"fwColumn","name":"DFCQCLMSTS_EXAMNR","nativeType":"string","precision":5,"physicalLength":0,"scale":0},{"@type":"fwColumn","name":"DFCQCLMSTS_EXAMNR_FIRST","nativeType":"string","precision":30,"physicalLength":0,"scale":0},{"@type":"fwColumn","name":"DFCQCLMSTS_EXAMNR_LAST","nativeType":"string","precision":30,"physicalLength":0,"scale":0}]}]