[{"@type":"mappingTemplate","id":"@1","name":"m_Audit_Start_Load_tf_Merlin_adhoc","description":"","bundleVersion":"0","assetFrsGuid":"flQjOW7SMeCeadAcDlrQSS","templateId":"@3","deployTime":1698409439000,"hasParameters":false,"valid":true,"fixedConnection":true,"hasParametersDeployed":false,"fixedConnectionDeployed":true,"isSchemaValidationEnabled":false,"tasks":1,"mappingPreviewFileRecordId":"@2","documentType":"MAPPING","references":[{"@type":"reference","refObjectId":"@4RnLDcxzayIe0S76dwqDEB","refType":"connection"}]}]