[{"@type":"mappingTemplate","id":"@1","name":"m_P_MSTAR_HISTPERF_MONTHLY_DAILY_FFSTAGING","description":"New Historical Performance feed from Morning star\nConverted using O2N Version: O2N : Framesh1ft Tool V3.03","bundleVersion":"0","assetFrsGuid":"jTe0wQ46PIZbQYbBcEyb4y","templateId":"@3","deployTime":1642662137000,"hasParameters":false,"valid":true,"fixedConnection":true,"hasParametersDeployed":false,"fixedConnectionDeployed":true,"isSchemaValidationEnabled":false,"tasks":1,"mappingPreviewFileRecordId":"@2","documentType":"","references":[{"@type":"reference","refObjectId":"@5R9QqAfbvoJlp8V2XHsBQQ","refType":"connection"},{"@type":"reference","refObjectId":"@8J5kBP7fbhMk68IObg3rYW","refType":"connection"}]}]