[{"@type":"mappingTemplate","id":"@1","name":"m_sap_hana_to_ff","description":"","bundleVersion":"0","assetFrsGuid":"5gAsomhlnMdiGVK7IZ386A","templateId":"@3","deployTime":1723620186000,"hasParameters":false,"valid":true,"fixedConnection":true,"hasParametersDeployed":false,"fixedConnectionDeployed":true,"isSchemaValidationEnabled":false,"tasks":2,"mappingPreviewFileRecordId":"@2","documentType":"MAPPING","references":[{"@type":"reference","refObjectId":"@8dFvPKwR9zte6kG8H0QYil","refType":"connection"},{"@type":"reference","refObjectId":"@h97fZHKJkyBknT8cfGboI5","refType":"connection"}]}]