[{"@type":"mtTask","id":"@1","name":"mct_task_connection_usage_bkfill - Copy 1","description":"","runtimeEnvironmentId":"@glQwUyXZU6rkYAaDfazNuI","maxLogs":10,"verbose":false,"mappingId":"@48WpcdHp56CfLkBh1G9rgL","frsGuid":"91gvdwgWdVnjEoj5a0RQGk","shortDescription":"","sessionPropertiesList":[],"hidden":false,"enableCrossSchemaPushdown":true,"enableParallelRun":false,"autoTunedApplied":false,"autoTunedAppliedType":"NONE","schemaMode":"async","valid":true,"schemaValidationErrorCount":-1,"parameterFileEncoding":"UTF-8","serverlessProperties":{},"taskProperties":[{"@type":"taskProperty","name":"parameterFileDir","currentValue":"","type":"STRING","label":"label.parameterFileDir","required":false},{"@type":"taskProperty","name":"parameterFileName","currentValue":"","type":"STRING","label":"label.parameterFileName","required":false},{"@type":"taskProperty","name":"outboundMessageUrlQueueTime","currentValue":"","type":"NUMBER","label":"label.outboundMessageUrlQueueTime","required":false},{"@type":"taskProperty","name":"outboundMessageUrlToken","currentValue":"","type":"STRING","label":"label.outboundMessageUrlToken","required":false}],"isMidstreamPreview":false,"parameters":[{"@type":"mtTaskParameter","id":655671814,"name":"$Source$","type":"SOURCE","label":"Source","uiProperties":{"connectionParameterized":"false","isSelectDistinct":"false","objectParameterized":"false","visible":"false","originalPath":"Source"},"sourceConnectionId":"@3PZdksEs18vkVc0UA0ieKw","sourceObject":"DUMMY_Source","newFlatFile":false,"newObject":false,"showBusinessNames":false,"naturalOrder":true,"truncateTarget":false,"bulkApiDBTarget":false,"customFuncCfg":{"@type":"customFuncConfig","id":-1,"connections":[],"inputMap":[],"outputFields":[]},"targetRefsV2":{},"targetUpdateColumns":[],"runtimeAttrs":{},"isRESTModernSource":true,"customQuery":"SELECT task_run_agg.iics_id,task_run_agg.task_run_date_,task_run_agg.org_id,task_run_agg.agent_id,task_run_agg.task_id,task_run_agg.task_type,task_run_agg.agent_name,task_run_agg.schedule_name,sum(task_run_agg.cnt_jobs) as cnt_jobs\nFROM iicsdi_multipod.task_run_agg\nWHERE \n-- task_run_date_>=trunc(sysdate)-6\n-- dw_insert_dt >= Trunc(sysdate) - 1\n-- (task_run_date_>=to_timestamp('2019-08-04 23:59:59','YYYY-MM-DD HH24:MI:SS')\n-- and task_run_date_<=to_timestamp ('2019-11-05 23:59:59','YYYY-MM-DD HH24:MI:SS'))\n-- and \norg_id in \n(\n'0xArx5R36Xwbt4zUS5WiwF'\n)\ngroup by task_run_agg.iics_id,task_run_agg.task_run_date_,task_run_agg.org_id,task_run_agg.agent_id,task_run_agg.task_id,task_run_agg.task_type,task_run_agg.agent_name,task_run_agg.schedule_name","isFileList":false,"handleSpecialChars":false,"handleDecimalRoundOff":false,"frsAsset":false,"dynamicFileName":false,"excludeDynamicFileNameField":false,"currentlyProcessedFileName":false,"retainFieldMetadata":false,"objectName":"DUMMY_Source","useExactSrcNames":false,"userUpdated":true,"tgtObjectAttributes":{},"runtimeParameterData":{"@type":"mtTaskRuntimeParameterData","isConnectionRuntimeParameter":false,"isObjectRuntimeParameter":false},"overridableProperties":[],"overriddenFields":[]},{"@type":"mtTaskParameter","id":655671817,"name":"$lkp_task_conn$","type":"EXTENDED_SOURCE","label":"lkp_task_conn","uiProperties":{"connectionParameterized":"false","isSelectDistinct":"false","isMsrcFilterParameterized":"false","isMsrcSortParameterized":"false","objectParameterized":"false","visible":"false","originalPath":"lkp_task_conn"},"sourceConnectionId":"@3PZdksEs18vkVc0UA0ieKw","newFlatFile":false,"newObject":false,"showBusinessNames":false,"naturalOrder":true,"truncateTarget":false,"bulkApiDBTarget":false,"customFuncCfg":{"@type":"customFuncConfig","id":-1,"connections":[],"inputMap":[],"outputFields":[]},"targetRefsV2":{},"targetUpdateColumns":[],"extendedObject":{"@type":"extendedObject","object":{"@type":"mObject","name":"ics_task_connection","label":"ics_task_connection","metadataUpdated":false,"relations":[],"children":[]},"advancedFilterExpression":"ics_task_connection.org_id_uuid in ('0xArx5R36Xwbt4zUS5WiwF')","singleMode":true,"objects":[{"@type":"mObject","name":"ics_task_connection","label":"ics_task_connection","metadataUpdated":false,"relations":[],"children":[]}],"filters":[],"sortFields":[]},"runtimeAttrs":{},"isRESTModernSource":true,"isFileList":false,"handleSpecialChars":false,"handleDecimalRoundOff":false,"frsAsset":false,"dynamicFileName":false,"excludeDynamicFileNameField":false,"currentlyProcessedFileName":false,"retainFieldMetadata":false,"useExactSrcNames":false,"userUpdated":true,"tgtObjectAttributes":{},"runtimeParameterData":{"@type":"mtTaskRuntimeParameterData","isConnectionRuntimeParameter":false,"isObjectRuntimeParameter":false},"overridableProperties":[],"overriddenFields":[]},{"@type":"mtTaskParameter","id":655671820,"name":"$Target$","type":"TARGET","label":"Target","uiProperties":{"connectionParameterized":"false","objectParameterized":"false","visible":"false","defaultTargetUpdateColumns":"","supportApplyDDLChanges":"false","originalPath":"Target"},"targetConnectionId":"@3PZdksEs18vkVc0UA0ieKw","targetObject":"task_conn_usage","targetObjectLabel":"task_conn_usage","newFlatFile":false,"newObject":false,"showBusinessNames":false,"naturalOrder":true,"truncateTarget":false,"bulkApiDBTarget":false,"operationType":"Upsert","customFuncCfg":{"@type":"customFuncConfig","id":-1,"connections":[],"inputMap":[],"outputFields":[]},"targetRefsV2":{},"targetUpdateColumns":[],"extendedObject":{"@type":"extendedObject","singleMode":true,"filters":[],"sortFields":[]},"runtimeAttrs":{},"isRESTModernSource":true,"isFileList":false,"handleSpecialChars":false,"handleDecimalRoundOff":false,"frsAsset":false,"dynamicFileName":false,"excludeDynamicFileNameField":false,"currentlyProcessedFileName":false,"retainFieldMetadata":false,"objectName":"task_conn_usage","objectLabel":"task_conn_usage","useExactSrcNames":false,"userUpdated":true,"tgtObjectAttributes":{},"runtimeParameterData":{"@type":"mtTaskRuntimeParameterData","isConnectionRuntimeParameter":false,"isObjectRuntimeParameter":false},"overridableProperties":[],"overriddenFields":[]}],"sequences":[],"inOutParameters":[],"connRuntimeAttrs":[]}]