[{"@type":"mappingTemplate","id":"@1","name":"VGN_ADLS_Mapping206","description":"","bundleVersion":"0","assetFrsGuid":"7xXB2bzHHzLb7qkcLymswn","templateId":"@3","deployTime":1706830269000,"hasParameters":false,"valid":true,"fixedConnection":true,"hasParametersDeployed":false,"fixedConnectionDeployed":true,"isSchemaValidationEnabled":false,"tasks":2,"mappingPreviewFileRecordId":"@2","documentType":"MAPPING","references":[{"@type":"reference","refObjectId":"@1eEzjl2kwgxkg3r9jrTSy8","refType":"connection"}]}]