[{"@type":"mtTask","id":"@1","name":"MCT_Audit_End_Load_tf_Adhoc_Load","description":"","errorTaskEmail":{"@type":"taskEmail","id":4710865,"emails":"dheebanandhann@informatica.com","emailType":"ERROR"},"successTaskEmail":{"@type":"taskEmail","id":4710866,"emails":"dheebanandhann@informatica.com","emailType":"SUCCESS"},"warningTaskEmail":{"@type":"taskEmail","id":4710867,"emails":"dheebanandhann@informatica.com","emailType":"WARNING"},"runtimeEnvironmentId":"@4lNtuQ45dlVdxxUXRixLmK","maxLogs":10,"verbose":false,"mappingId":"@20PvuhO7Q8Kdw75U5tHNsU","frsGuid":"4qnQvQOrDo8iB8X66dhba7","shortDescription":"","sessionPropertiesList":[],"hidden":false,"enableCrossSchemaPushdown":true,"enableParallelRun":false,"autoTunedApplied":false,"autoTunedAppliedType":"NONE","parameterFileName":"Merlin_Prod.param","parameterFileDir":"/mnt/infaagent/apps/Data_Integration_Server/data/userparameters","paramFileType":"PARAM_FILE_LOCAL","schemaMode":"async","valid":true,"schemaValidationErrorCount":-1,"parameterFileEncoding":"UTF-8","serverlessProperties":{},"taskProperties":[{"@type":"taskProperty","name":"parameterFileDir","currentValue":"/mnt/infaagent/apps/Data_Integration_Server/data/userparameters","type":"STRING","label":"label.parameterFileDir","required":false},{"@type":"taskProperty","name":"parameterFileName","currentValue":"Merlin_Prod.param","type":"STRING","label":"label.parameterFileName","required":false},{"@type":"taskProperty","name":"outboundMessageUrlQueueTime","currentValue":"","type":"NUMBER","label":"label.outboundMessageUrlQueueTime","required":false},{"@type":"taskProperty","name":"outboundMessageUrlToken","currentValue":"","type":"STRING","label":"label.outboundMessageUrlToken","required":false}],"jobPriority":"MEDIUM","optimizationPlan":"NONE","isMidstreamPreview":false,"parameters":[{"@type":"mtTaskParameter","id":841489901,"name":"$Source$","type":"SOURCE","label":"Source","uiProperties":{"connectionParameterized":"false","isSelectDistinct":"false","objectParameterized":"false","visible":"false","originalPath":"Source"},"sourceConnectionId":"@4RnLDcxzayIe0S76dwqDEB","sourceObject":"DUMMY_Source","newFlatFile":false,"newObject":false,"showBusinessNames":false,"naturalOrder":true,"truncateTarget":false,"bulkApiDBTarget":false,"customFuncCfg":{"@type":"customFuncConfig","id":-1,"connections":[],"inputMap":[],"outputFields":[]},"targetRefsV2":{},"targetUpdateColumns":[],"runtimeAttrs":{},"oprRuntimeAttrs":{"postSql":"","selectDistinct":"NO","EncryptionType":"None","EnableCompression":"YES","sqlQuery":"","multipartDownloadThreshold":"5242880","temporaryCredentialDuration":"900","StagingDirectoryLocation":"/mnt/tmp/","schemaName":"","TreatNullValueAsNull":"NO","sourceTableName":"","UnloadOptionsPropertyFile":"/mnt/infaagent/apps/Data_Integration_Server/data/userparameters/option_merlin.param","DownloadS3FilesInMultipleParts":"NO","S3BucketName":"gcsassure-prod-r35-ingress","preSql":""},"isRESTModernSource":true,"customQuery":"select * from merlin.iics_merlin_taskflow_audit where taskflow_name ilike 'tf_Adhoc_Load' AND  job_status ilike 'In Progress'","isFileList":false,"handleSpecialChars":false,"handleDecimalRoundOff":false,"frsAsset":false,"dynamicFileName":false,"excludeDynamicFileNameField":false,"currentlyProcessedFileName":false,"retainFieldMetadata":false,"objectName":"DUMMY_Source","useExactSrcNames":false,"userUpdated":true,"fetchMode":"ORIGINAL","tgtObjectAttributes":{},"runtimeParameterData":{"@type":"mtTaskRuntimeParameterData","isConnectionRuntimeParameter":false,"isObjectRuntimeParameter":false},"overridableProperties":[],"overriddenFields":[]},{"@type":"mtTaskParameter","id":841489902,"name":"$Target$","type":"TARGET","label":"Target","uiProperties":{"connectionParameterized":"false","objectParameterized":"false","visible":"false","defaultTargetUpdateColumns":"start_time,taskflow_name","supportApplyDDLChanges":"false","originalPath":"Target"},"targetConnectionId":"@4RnLDcxzayIe0S76dwqDEB","targetObject":"merlin/iics_merlin_taskflow_audit","targetObjectLabel":"iics_merlin_taskflow_audit","newFlatFile":false,"newObject":false,"showBusinessNames":false,"naturalOrder":true,"truncateTarget":false,"bulkApiDBTarget":false,"operationType":"Update","customFuncCfg":{"@type":"customFuncConfig","id":-1,"connections":[],"inputMap":[],"outputFields":[]},"targetRefsV2":{},"targetUpdateColumns":["start_time","taskflow_name"],"extendedObject":{"@type":"extendedObject","singleMode":true,"filters":[],"sortFields":[]},"runtimeAttrs":{},"isRESTModernSource":true,"isFileList":false,"handleSpecialChars":false,"handleDecimalRoundOff":false,"frsAsset":false,"dynamicFileName":false,"excludeDynamicFileNameField":false,"currentlyProcessedFileName":false,"retainFieldMetadata":false,"objectName":"merlin/iics_merlin_taskflow_audit","objectLabel":"iics_merlin_taskflow_audit","useExactSrcNames":false,"userUpdated":true,"fetchMode":"ORIGINAL","tgtObjectAttributes":{},"runtimeParameterData":{"@type":"mtTaskRuntimeParameterData","isConnectionRuntimeParameter":false,"isObjectRuntimeParameter":false},"overridableProperties":[],"overriddenFields":[]}],"sequences":[],"inOutParameters":[],"connRuntimeAttrs":[]}]