[{"@type":"mappingTemplate","id":"@1","name":"Sujai_ResponseSize","description":"","bundleVersion":"0","assetFrsGuid":"8wvo3u8kYLvjdmpNqRlXii","templateId":"@3","deployTime":1721721646000,"hasParameters":false,"valid":true,"fixedConnection":true,"hasParametersDeployed":false,"fixedConnectionDeployed":true,"isSchemaValidationEnabled":false,"tasks":1,"mappingPreviewFileRecordId":"@2","documentType":"MAPPING","references":[{"@type":"reference","refObjectId":"@g88Bfw5MGMOfdtXAAGMJQy","refType":"connection"},{"@type":"reference","refObjectId":"@bQWM1tT11gXiNPSQIsrwyq","refType":"businessService"},{"@type":"reference","refObjectId":"@bQWM1tT11gXiNPSQIsrwyq@getXMLById","refType":"businessOperation"}]}]