[{"@type":"mappingTemplate","id":"@1","name":"m_Data_conversion_double_pdo","description":"","bundleVersion":"0","assetFrsGuid":"24mK9zbCOwoblTr7OwqcYx","templateId":"@3","deployTime":1655448234000,"hasParameters":false,"valid":true,"fixedConnection":true,"hasParametersDeployed":false,"fixedConnectionDeployed":true,"isSchemaValidationEnabled":false,"tasks":1,"mappingPreviewFileRecordId":"@2","documentType":"MAPPING","references":[{"@type":"reference","refObjectId":"@4h76p1BtTpgk1aoBwBv4S9","refType":"connection"}]}]