[{"@type":"fileRecord","id":"@6","name":"response","type":"XSD","size":4460,"attachTime":1657167217000},{"@type":"fileRecord","id":"@5","name":"request","type":"XSD","size":4549,"attachTime":1657167217000},{"@type":"fileRecord","id":"@4","name":"metadata","type":"JSON","size":2244,"attachTime":1657167217000},{"@type":"fileRecord","id":"@3","name":"fault","type":"XSD","size":4665,"attachTime":1657167217000},{"@type":"fileRecord","id":"@2","name":"extension","type":"XML","size":15264,"attachTime":1657167217000}]